teryt,municipality,%_vaccinated
1405021,Podkowa Leśna,69.0608
3024083,gm.m-w. Wronki,68.4922
3208072,gm.w Ustronie Morskie,67.6804
1465011,M. St. Warszawa,67.3534
1421062,gm.w Raszyn,67.3479
3064011,Poznań,66.7034
264011,Wrocław,65.009
1421042,gm.w Michałowice,64.8549
1418023,gm.m-w. Konstancin-Jeziorna,64.181
1261011,Kraków,63.9227
1418043,gm.m-w. Piaseczno,63.7171
1418032,gm.w Lesznowola,63.3923
3021021,Puszczykowo,63.2794
2261011,Gdańsk,63.2481
3011011,Kościan,63.1388
3021152,gm.w Suchy Las,62.8619
411011,Radziejów,62.7387
1432053,gm.m-w. Łomianki,62.5916
1421011,Piastów,62.321
3021011,Luboń,62.1771
2210011,Krynica Morska,61.7829
3024011,Obrzycko,61.4675
3021172,gm.w Tarnowo Podgórne,61.4674
1421021,Pruszków,61.3193
1432013,gm.m-w. Błonie,61.2911
3002011,Czarnków,60.8945
3021143,gm.m-w. Stęszew,60.8463
2262011,Gdynia,60.8089
3021163,gm.m-w. Swarzędz,60.6712
2264011,Sopot,60.6643
1432022,gm.w Izabelin,60.6629
1408011,Legionowo,60.541
1421033,gm.m-w. Brwinów,60.5289
3021042,gm.w Czerwonak,60.3528
223052,gm.w Kobierzyce,60.2555
3205072,gm.w Rewal,60.2025
1421052,gm.w Nadarzyn,60.1059
1206172,gm.w Zielonki,60.0971
3021132,gm.w Rokietnica,59.8624
2401042,gm.w Bobrowniki,59.8004
2469011,Katowice,59.5964
1206082,gm.w Michałowice,59.5472
3021052,gm.w Dopiewo,59.5029
3024073,gm.m-w. Szamotuły,59.411
403062,gm.w Osielsko,59.2038
3021123,gm.m-w. Pobiedziska,59.1636
1061011,Łódź,59.1589
1432072,gm.w Stare Babice,58.9697
1432063,gm.m-w. Ożarów Mazowiecki,58.8811
1408022,gm.w Jabłonna,58.8724
1417011,Józefów,58.7387
1002011,Kutno,58.698
1408032,gm.w Nieporęt,58.6012
3021072,gm.w Komorniki,58.5849
3001011,Chodzież,58.577
1417043,gm.m-w. Karczew,58.5625
2401062,gm.w Psary,58.5507
401021,Ciechocinek,58.5343
1206152,gm.w Wielka Wieś,58.5245
2401031,Wojkowice,58.5108
1405011,Milanówek,58.4901
1412151,Sulejówek,58.4382
3021033,gm.m-w. Buk,58.4234
3207013,gm.m-w. Dziwnów,58.4158
1432042,gm.w Leszno,58.4063
1434041,Zielonka,58.3438
1414011,Nowy Dwór Mazowiecki,58.3354
2204011,Pruszcz Gdański,58.3349
1213082,gm.w Przeciszów,58.3321
3021083,gm.m-w. Kostrzyn,57.9674
3023011,Słupca,57.9623
461011,Bydgoszcz,57.8469
1004011,Łęczyca,57.8123
1020011,Głowno,57.811
3025043,gm.m-w. Środa Wielkopolska,57.7873
463011,Toruń,57.7777
2212011,Ustka,57.7143
3021113,gm.m-w. Murowana Goślina,57.6496
3024053,gm.m-w. Ostroróg,57.6151
3021103,gm.m-w. Mosina,57.5503
1206103,gm.m-w. Skała,57.5192
3211012,gm.w Dobra (Szczecińska),57.4678
2208021,Łeba,57.4414
2475011,Sosnowiec,57.4292
3021093,gm.m-w. Kórnik,57.3263
1005011,Łowicz,57.32
3014012,gm.w Chrzypsko Wielkie,57.2293
1206162,gm.w Zabierzów,57.203
223022,gm.w Długołęka,57.162
1020031,Zgierz,57.1103
3262011,Szczecin,57.0976
223083,gm.m-w. Siechnice,57.0831
862011,Zielona Góra,57.0302
1208042,gm.w Książ Wielki,56.9185
3024032,gm.w Kaźmierz,56.8665
2401021,Czeladź,56.7802
2211031,Puck,56.7735
3014043,gm.m-w. Sieraków,56.7643
2204032,gm.w Kolbudy,56.741
411022,gm.w Bytoń,56.7282
2408021,Mikołów,56.7154
1206092,gm.w Mogilany,56.708
2416011,Poręba,56.6718
407011,Inowrocław,56.5896
1418013,gm.m-w. Góra Kalwaria,56.5893
1418052,gm.w Prażmów,56.5784
1063011,Skierniewice,56.5649
1417021,Otwock,56.4953
1412011,Mińsk Mazowiecki,56.4742
1213011,Oświęcim,56.4535
206011,Karpacz,56.3405
1414052,gm.w Pomiechówek,56.2734
2465011,Dąbrowa Górnicza,56.2565
221031,Szczawno-Zdrój,56.2523
1408043,gm.m-w. Serock,56.1739
2211043,gm.m-w. Władysławowo,56.1695
1215021,Sucha Beskidzka,56.1256
2609093,gm.m-w. Zawichost,56.0998
2401011,Będzin,56.0474
1434031,Ząbki,56.0032
1462011,Płock,55.9805
1661011,Opole,55.9516
3208011,Kołobrzeg,55.8964
401011,Aleksandrów Kujawski,55.8882
2405032,gm.w Gierałtowice,55.8358
418011,Kowal,55.7958
412011,Rypin,55.7722
2477011,Tychy,55.7645
2862011,Olsztyn,55.7446
3005012,gm.w Granowo,55.7303
3003011,Gniezno,55.7259
2401073,gm.m-w. Siewierz,55.7197
403012,gm.w Białe Błota,55.7054
3030033,gm.m-w. Nekla,55.7043
2402022,gm.w Bestwina,55.6987
2803011,Działdowo,55.6775
403083,gm.m-w. Solec Kujawski,55.6595
2602023,gm.m-w. Jędrzejów,55.645
1213072,gm.w Polanka Wielka,55.5118
811011,Łęknica,55.5092
223043,gm.m-w. Kąty Wrocławskie,55.4971
2211052,gm.w Kosakowo,55.4967
2466011,Gliwice,55.4728
223012,gm.w Czernica,55.4711
1213062,gm.w Oświęcim,55.376
1405043,gm.m-w. Grodzisk Mazowiecki,55.3736
407063,gm.m-w. Kruszwica,55.3703
2401052,gm.w Mierzęcice,55.3588
2203011,Człuchów,55.3528
1005092,gm.w Nieborów,55.3276
1203033,gm.m-w. Chrzanów,55.3183
2413072,gm.w Świerklaniec,55.3059
3016013,gm.m-w. Oborniki,55.2933
2461011,Bielsko-Biała,55.2788
3011023,gm.m-w. Czempiń,55.2771
402011,Brodnica,55.2315
3021062,gm.w Kleszczewo,55.1964
223092,gm.w Żórawina,55.1552
2474011,Siemianowice Śląskie,55.1215
1206113,gm.m-w. Skawina,55.0982
1418063,gm.m-w. Tarczyn,55.0888
2263011,Słupsk,55.0223
1008011,Konstantynów Łódzki,54.9441
809072,gm.w Świdnica,54.9439
2801011,Bartoszyce,54.9295
3207043,gm.m-w. Międzyzdroje,54.9234
2661011,Kielce,54.8965
2209011,Malbork,54.8883
1212053,gm.m-w. Olkusz,54.8728
805053,gm.m-w. Słubice,54.8672
3004063,gm.m-w. Pogorzela,54.8604
807043,gm.m-w. Sulęcin,54.8391
1014011,Sieradz,54.8297
2807011,Iława,54.8244
3062011,Konin,54.8022
208051,Polanica-Zdrój,54.8009
1206032,gm.w Iwanowice,54.726
214011,Oleśnica,54.6986
3263011,Świnoujście,54.6986
3028011,Wągrowiec,54.696
2413031,Radzionków,54.6649
215011,Oława,54.5652
3027011,Turek,54.5592
2204042,gm.w Pruszcz Gdański,54.5582
2413062,gm.w Ożarowice,54.547
2416021,Zawiercie,54.5469
3213011,Darłowo,54.5381
3202012,gm.w Bierzwnik,54.5006
1206052,gm.w Kocmyrzów-Luborzyca,54.4881
2215021,Rumia,54.4836
611021,Stoczek Łukowski,54.4758
1212042,gm.w Klucze,54.4637
3019011,Piła,54.457
2413041,Tarnowskie Góry,54.4498
3022053,gm.m-w. Rawicz,54.4275
1428082,gm.w Teresin,54.4186
1008052,gm.w Ksawerów,54.4054
2464011,Częstochowa,54.3994
1008021,Pabianice,54.367
401062,gm.w Koneck,54.3667
3030053,gm.m-w. Września,54.3658
1406053,gm.m-w. Grójec,54.3273
1402011,Ciechanów,54.3194
2471011,Piekary Śląskie,54.3106
1213033,gm.m-w. Chełmek,54.304
2809011,Lidzbark Warmiński,54.2514
404011,Chełmno,54.2203
2472011,Ruda Śląska,54.202
3063011,Leszno,54.1811
2405011,Knurów,54.1811
2214011,Tczew,54.1679
1419122,gm.w Słupno,54.1518
1428011,Sochaczew,54.1389
219011,Świdnica,54.1354
2404042,gm.w Kamienica Polska,54.1349
1408052,gm.w Wieliszew,54.127
1417072,gm.w Sobienie-Jeziory,54.1221
2414021,Imielin,54.1051
220013,gm.m-w. Oborniki Śląskie,54.0987
3023042,gm.w Ostrowite,54.0958
3209053,gm.m-w. Mielno,54.0873
2402043,gm.m-w. Czechowice-Dziedzice,54.0778
3202023,gm.m-w. Choszczno,54.062
3006023,gm.m-w. Jarocin,54.049
2609011,Sandomierz,54.0462
810021,Żagań,54.0352
1208072,gm.w Słaboszów,53.9719
2602063,gm.m-w. Sędziszów,53.9508
2404162,gm.w Starcza,53.9432
2602093,gm.m-w. Wodzisław,53.9388
417011,Wąbrzeźno,53.9328
1213093,gm.m-w. Zator,53.927
2401081,Sławków,53.9005
3015043,gm.m-w. Nowy Tomyśl,53.8869
861011,Gorzów Wielkopolski,53.8466
261011,Jelenia Góra,53.8431
3261011,Koszalin,53.8391
2402072,gm.w Kozy,53.8232
1208053,gm.m-w. Miechów,53.8063
220042,gm.w Wisznia Mała,53.8027
1017093,gm.m-w. Wieluń,53.7881
1219053,gm.m-w. Wieliczka,53.7766
3025052,gm.w Zaniemyśl,53.7421
3030023,gm.m-w. Miłosław,53.7263
3019073,gm.m-w. Ujście,53.7251
1434021,Marki,53.7185
806043,gm.m-w. Strzelce Krajeńskie,53.6796
614011,Puławy,53.6612
3015053,gm.m-w. Opalenica,53.6406
803023,gm.m-w. Międzyrzecz,53.6399
1417082,gm.w Wiązowna,53.6234
1417032,gm.w Celestynów,53.6108
404032,gm.w Kijewo Królewskie,53.5943
1062011,Piotrków Trybunalski,53.5931
805043,gm.m-w. Rzepin,53.5855
2402062,gm.w Jaworze,53.5805
1206042,gm.w Jerzmanowice-Przeginia,53.5646
1420011,Płońsk,53.5623
802063,gm.m-w. Krosno Odrzańskie,53.5619
2403011,Cieszyn,53.5535
3022033,gm.m-w. Miejska Górka,53.5471
3206063,gm.m-w. Moryń,53.5108
3017011,Ostrów Wielkopolski,53.4894
1432032,gm.w Kampinos,53.4499
3008033,gm.m-w. Kępno,53.4482
411053,gm.m-w. Piotrków Kujawski,53.4378
3208042,gm.w Kołobrzeg,53.3747
3208022,gm.w Dygowo,53.3607
1004082,gm.w Witonia,53.3583
663011,Lublin,53.3492
1412073,gm.m-w. Halinów,53.3216
3008012,gm.w Baranów,53.3042
2812011,Nowe Miasto Lubawskie,53.301
1021052,gm.w Rogów,53.2861
203011,Głogów,53.2789
2470011,Mysłowice,53.2491
3206043,gm.m-w. Gryfino,53.2315
1213023,gm.m-w. Brzeszcze,53.2294
1005102,gm.w Zduny,53.2087
3214011,Stargard,53.197
3214053,gm.m-w. Ińsko,53.1646
413023,gm.m-w. Sępólno Krajeńskie,53.1502
462011,Grudziądz,53.1262
401092,gm.w Zakrzewo,53.1034
3029033,gm.m-w. Wolsztyn,53.095
1401013,gm.m-w. Białobrzegi,53.0871
1206022,gm.w Igołomia-Wawrzeńczyce,53.0668
2404072,gm.w Konopiska,53.0481
2803052,gm.w Płośnica,53.0325
2416042,gm.w Kroczyce,53.0213
1206063,gm.m-w. Krzeszowice,53.0059
220033,gm.m-w. Trzebnica,52.9785
1422011,Przasnysz,52.9757
808012,gm.w Lubrza,52.9706
1403021,Łaskarzew,52.9424
2417011,Żywiec,52.9366
2801021,Górowo Iławeckie,52.92
1414022,gm.w Czosnów,52.9134
415082,gm.w Wielka Nieszawka,52.8988
2861011,Elbląg,52.8824
1203013,gm.m-w. Alwernia,52.8823
3217011,Wałcz,52.8518
811021,Żary,52.85
1437063,gm.m-w. Żuromin,52.8367
808053,gm.m-w. Świebodzin,52.8237
210011,Lubań,52.8205
415092,gm.w Zławieś Wielka,52.8177
207011,Kamienna Góra,52.8168
2416063,gm.m-w. Ogrodzieniec,52.8055
3002083,gm.m-w. Wieleń,52.7684
616011,Dęblin,52.7664
3206023,gm.m-w. Cedynia,52.7591
1215011,Jordanów,52.7562
809092,gm.w Zabór,52.7557
809033,gm.m-w. Czerwieńsk,52.7537
2203023,gm.m-w. Czarne,52.7433
3003062,gm.w Łubowo,52.7348
2806011,Giżycko,52.7344
3014033,gm.m-w. Międzychód,52.7009
2416092,gm.w Włodowice,52.6811
2817011,Szczytno,52.6805
1414063,gm.m-w. Zakroczym,52.6729
2402102,gm.w Wilkowice,52.6678
215033,gm.m-w. Jelcz-Laskowice,52.6356
3003103,gm.m-w. Witkowo,52.6347
3214033,gm.m-w. Dobrzany,52.6249
3001023,gm.m-w. Budzyń,52.6136
405022,gm.w Ciechocin,52.6105
3005023,gm.m-w. Grodzisk Wielkopolski,52.6001
415042,gm.w Lubicz,52.597
2410012,gm.w Goczałkowice-Zdrój,52.5909
1212011,Bukowno,52.5862
415062,gm.w Łysomice,52.5809
2404013,gm.m-w. Blachownia,52.5368
801011,Kostrzyn nad Odrą,52.5362
3020063,gm.m-w. Pleszew,52.5172
1434011,Kobyłka,52.5071
1405062,gm.w Żabia Wola,52.5038
2408052,gm.w Wyry,52.5
2819033,gm.m-w. Węgorzewo,52.4783
3216042,gm.w Rąbino,52.4707
1208032,gm.w Kozłów,52.4687
804011,Nowa Sól,52.46
1020092,gm.w Zgierz,52.4588
616052,gm.w Stężyca,52.4388
411032,gm.w Dobre,52.4358
809063,gm.m-w. Sulechów,52.4303
1201011,Bochnia,52.4295
2408011,Łaziska Górne,52.4266
3003042,gm.w Kiszkowo,52.4132
2206011,Kościerzyna,52.4056
403043,gm.m-w. Koronowo,52.4037
405011,Golub-Dobrzyń,52.4009
1020083,gm.m-w. Stryków,52.3855
415011,Chełmża,52.3813
1006082,gm.w Nowosolna,52.3745
226021,Złotoryja,52.3669
2814112,gm.w Stawiguda,52.3652
2802011,Braniewo,52.3624
411062,gm.w Radziejów,52.3624
2463011,Chorzów,52.3623
221063,gm.m-w. Mieroszów,52.3231
801042,gm.w Kłodawa,52.2979
1420021,Raciąż,52.2779
407022,gm.w Dąbrowa Biskupia,52.2576
2409042,gm.w Poraj,52.2454
2211011,Hel,52.2416
1203053,gm.m-w. Trzebinia,52.2404
3019032,gm.w Kaczory,52.239
1012011,Radomsko,52.2193
3030043,gm.m-w. Pyzdry,52.1929
1006073,gm.m-w. Koluszki,52.1916
1011033,gm.m-w. Poddębice,52.1827
2210052,gm.w Sztutowo,52.1811
418123,gm.m-w. Lubraniec,52.1786
2410053,gm.m-w. Pszczyna,52.1591
3211022,gm.w Kołbaskowo,52.155
1208012,gm.w Charsznica,52.1215
1006022,gm.w Andrespol,52.1004
2204062,gm.w Pszczółki,52.1003
3214023,gm.m-w. Chociwel,52.0844
3023052,gm.w Powidz,52.069
1018073,gm.m-w. Wieruszów,52.0516
3001043,gm.m-w. Margonin,52.0459
3215011,Szczecinek,52.0401
2416032,gm.w Irządze,52.0357
3026043,gm.m-w. Śrem,52.0267
3005032,gm.w Kamieniec,52.0163
2602042,gm.w Nagłowice,52.0033
3010032,gm.w Kazimierz Biskupi,51.992
2608043,gm.m-w. Pińczów,51.9898
811092,gm.w Tuplice,51.9854
1416092,gm.w Szulborze Wielkie,51.9632
2417022,gm.w Czernichów,51.9586
2406013,gm.m-w. Kłobuck,51.9418
1203022,gm.w Babice,51.9375
3003053,gm.m-w. Kłecko,51.9311
2814042,gm.w Dywity,51.9309
2610011,Skarżysko-Kamienna,51.9227
2215011,Reda,51.919
3014022,gm.w Kwilcz,51.9053
3024022,gm.w Duszniki,51.9011
217043,gm.m-w. Strzelin,51.8978
3015032,gm.w Miedzichowo,51.8865
209052,gm.w Legnickie Pole,51.8762
3061011,Kalisz,51.8758
2202011,Chojnice,51.8703
3025012,gm.w Dominowo,51.8553
3202042,gm.w Krzęcin,51.8498
207033,gm.m-w. Lubawka,51.845
1203043,gm.m-w. Libiąż,51.8432
419052,gm.w Rogowo,51.8377
3024063,gm.m-w. Pniewy,51.8231
2602052,gm.w Oksa,51.82
1219043,gm.m-w. Niepołomice,51.8186
408011,Lipno,51.8168
3204023,gm.m-w. Goleniów,51.8111
803053,gm.m-w. Skwierzyna,51.8078
1602022,gm.w Branice,51.7837
211011,Lubin,51.7696
210021,Świeradów-Zdrój,51.7647
2405042,gm.w Pilchowice,51.7548
2468011,Jaworzno,51.7539
1404011,Gostynin,51.7407
407053,gm.m-w. Janikowo,51.7398
2610053,gm.m-w. Suchedniów,51.7238
806013,gm.m-w. Dobiegniew,51.7177
2804093,gm.m-w. Tolkmicko,51.7004
3207033,gm.m-w. Kamień Pomorski,51.6916
2605012,gm.w Fałków,51.6867
3005043,gm.m-w. Rakoniewice,51.6792
3011032,gm.w Kościan,51.6663
1821022,gm.w Cisna,51.6657
1005062,gm.w Kocierzew Południowy,51.6631
3010043,gm.m-w. Kleczew,51.6552
1020043,gm.m-w. Aleksandrów Łódzki,51.6139
2402082,gm.w Porąbka,51.6077
3009011,Koło,51.6073
410033,gm.m-w. Nakło nad Notecią,51.6069
401072,gm.w Raciążek,51.6046
1413011,Mława,51.5918
3016023,gm.m-w. Rogoźno,51.5894
411042,gm.w Osięciny,51.5872
1403011,Garwolin,51.5842
1212073,gm.m-w. Wolbrom,51.5654
810011,Gozdnica,51.562
3217033,gm.m-w. Mirosławiec,51.5508
414082,gm.w Pruszcz,51.5484
1429011,Sokołów Podlaski,51.5414
1427011,Sierpc,51.5404
1016011,Tomaszów Mazowiecki,51.5309
3015023,gm.m-w. Lwówek,51.5249
808032,gm.w Skąpe,51.5229
1434123,gm.m-w. Wołomin,51.5215
407073,gm.m-w. Pakość,51.5211
2605033,gm.m-w. Końskie,51.5162
1438011,Żyrardów,51.4994
402102,gm.w Zbiczno,51.4878
265011,Wałbrzych,51.4754
2608013,gm.m-w. Działoszyce,51.4682
1206143,gm.m-w. Świątniki Górne,51.4463
225021,Zgorzelec,51.4358
2414011,Bieruń,51.4323
1013011,Rawa Mazowiecka,51.4279
1607053,gm.m-w. Nysa,51.4185
2602012,gm.w Imielno,51.4066
2808011,Kętrzyn,51.3924
3010013,gm.m-w. Golina,51.3869
2402093,gm.m-w. Wilamowice,51.3656
2205083,gm.m-w. Żukowo,51.3337
810043,gm.m-w. Iłowa,51.3206
1206072,gm.w Liszki,51.3175
3203052,gm.w Wierzchowo,51.312
1437022,gm.w Kuczbork-Osada,51.2897
2215031,Wejherowo,51.2801
414093,gm.m-w. Świecie,51.2658
2416053,gm.m-w. Łazy,51.2586
1423063,gm.m-w. Przysucha,51.2441
2209062,gm.w Miłoradz,51.2421
217012,gm.w Borów,51.2409
619011,Włodawa,51.235
1412042,gm.w Cegłów,51.2187
1411082,gm.w Rzewnie,51.2157
2807021,Lubawa,51.1953
213033,gm.m-w. Milicz,51.1892
407092,gm.w Złotniki Kujawskie,51.1499
3211043,gm.m-w. Police,51.1394
1208022,gm.w Gołcza,51.1269
221042,gm.w Czarny Bór,51.1266
1417052,gm.w Kołbiel,51.1233
1411011,Maków Mazowiecki,51.1227
2815011,Ostróda,51.1004
803063,gm.m-w. Trzciel,51.0919
403032,gm.w Dobrcz,51.0871
803032,gm.w Przytoczna,51.0787
3216011,Świdwin,51.0758
2416083,gm.m-w. Szczekociny,51.0746
1403072,gm.w Maciejowice,51.0697
407042,gm.w Inowrocław,51.0342
3026012,gm.w Brodnica,51.02
409022,gm.w Jeziora Wielkie,51.0035
3023072,gm.w Strzałkowo,51.0019
2601013,gm.m-w. Busko-Zdrój,51.0014
1219032,gm.w Kłaj,50.9967
3213021,Sławno,50.9913
208021,Kłodzko,50.986
3214062,gm.w Kobylanka,50.9837
1006103,gm.m-w. Rzgów,50.9819
2410022,gm.w Kobiór,50.9757
1214053,gm.m-w. Proszowice,50.9287
808063,gm.m-w. Zbąszynek,50.9126
3205023,gm.m-w. Gryfice,50.9029
403052,gm.w Nowa Wieś Wielka,50.8973
2211023,gm.m-w. Jastarnia,50.8825
2414031,Lędziny,50.8577
3022013,gm.m-w. Bojanowo,50.8496
1420082,gm.w Nowe Miasto,50.8467
3023022,gm.w Lądek,50.8348
1419092,gm.w Nowy Duninów,50.8168
3025022,gm.w Krzykosy,50.8167
419013,gm.m-w. Barcin,50.7813
2214052,gm.w Subkowy,50.7729
2408042,gm.w Ornontowice,50.7687
410053,gm.m-w. Szubin,50.7485
1213043,gm.m-w. Kęty,50.7443
2603022,gm.w Czarnocin,50.7387
1017032,gm.w Konopnica,50.7316
2611011,Starachowice,50.7263
419063,gm.m-w. Żnin,50.7169
802011,Gubin,50.7139
2404132,gm.w Poczesna,50.708
809053,gm.m-w. Nowogród Bobrzański,50.6982
2213082,gm.w Osiek,50.6953
3204052,gm.w Osina,50.6944
2807073,gm.m-w. Zalewo,50.6941
2216042,gm.w Stary Targ,50.6931
407033,gm.m-w. Gniewkowo,50.6881
404072,gm.w Unisław,50.6796
1214042,gm.w Pałecznica,50.6726
3010022,gm.w Grodziec,50.6724
803012,gm.w Bledzew,50.6657
1206123,gm.m-w. Słomniki,50.6528
3202033,gm.m-w. Drawno,50.6509
1422052,gm.w Krasne,50.6461
3212012,gm.w Bielice,50.6365
2216053,gm.m-w. Sztum,50.6215
3016032,gm.w Ryczywół,50.6057
1419022,gm.w Bodzanów,50.5765
418022,gm.w Baruchowo,50.5724
2403021,Ustroń,50.5598
809013,gm.m-w. Babimost,50.5585
226052,gm.w Zagrodno,50.557
464011,Włocławek,50.5366
3203023,gm.m-w. Drawsko Pomorskie,50.5233
403072,gm.w Sicienko,50.5189
1213052,gm.w Osiek,50.5018
1433011,Węgrów,50.4979
262011,Legnica,50.4958
1206012,gm.w Czernichów,50.4897
1864011,Tarnobrzeg,50.4875
1406012,gm.w Belsk Duży,50.4814
418032,gm.w Boniewo,50.4782
2409011,Myszków,50.475
2814072,gm.w Jonkowo,50.4203
3030012,gm.w Kołaczkowo,50.4175
1004022,gm.w Daszyna,50.3789
1008062,gm.w Lutomiersk,50.3663
802022,gm.w Bobrowice,50.3322
3025032,gm.w Nowe Miasto nad Wartą,50.2783
1215072,gm.w Stryszawa,50.2767
3207063,gm.m-w. Wolin,50.2525
3031011,Złotów,50.2142
407082,gm.w Rojewo,50.2011
2414052,gm.w Chełm Śląski,50.1796
1437042,gm.w Lutocin,50.1787
3023083,gm.m-w. Zagórów,50.1577
2417082,gm.w Łodygowice,50.1537
3013043,gm.m-w. Rydzyna,50.1423
1208062,gm.w Racławice,50.1408
3002073,gm.m-w. Trzcianka,50.1321
1218093,gm.m-w. Wadowice,50.1264
2208011,Lębork,50.0897
2403122,gm.w Zebrzydowice,50.0832
601021,Terespol,50.0641
1002052,gm.w Krzyżanów,50.0476
2804082,gm.w Rychliki,50.0402
3204043,gm.m-w. Nowogard,50.0224
2403052,gm.w Chybie,50.0203
416063,gm.m-w. Tuchola,50.0074
1406113,gm.m-w. Warka,50.0026
3205083,gm.m-w. Trzebiatów,49.9906
402062,gm.w Bartniczka,49.9788
3011053,gm.m-w. Śmigiel,49.9743
3028033,gm.m-w. Gołańcz,49.9572
1212032,gm.w Bolesław,49.9547
3211033,gm.m-w. Nowe Warpno,49.9384
3002052,gm.w Lubasz,49.9349
207022,gm.w Kamienna Góra,49.9278
2613063,gm.m-w. Włoszczowa,49.9164
1406032,gm.w Chynów,49.9137
209042,gm.w Kunice,49.9092
218032,gm.w Miękinia,49.9063
1611053,gm.m-w. Strzelce Opolskie,49.8827
223062,gm.w Mietków,49.8796
1011043,gm.m-w. Uniejów,49.8562
2613032,gm.w Moskorzew,49.8472
3028062,gm.w Wapno,49.8465
2417062,gm.w Lipowa,49.8436
408032,gm.w Chrostkowo,49.8422
419022,gm.w Gąsawa,49.837
2815022,gm.w Dąbrówno,49.8229
2608052,gm.w Złota,49.8197
3006043,gm.m-w. Żerków,49.8189
2819012,gm.w Budry,49.8188
809082,gm.w Trzebiechów,49.8056
1419132,gm.w Stara Biała,49.8045
3206072,gm.w Stare Czarnowo,49.8025
201011,Bolesławiec,49.7947
2804073,gm.m-w. Pasłęk,49.7839
2608032,gm.w Michałów,49.7343
3012033,gm.m-w. Koźmin Wielkopolski,49.7336
1212062,gm.w Trzyciąż,49.7088
2414042,gm.w Bojszowy,49.7079
2608022,gm.w Kije,49.6991
3215043,gm.m-w. Borne Sulinowo,49.6951
2612073,gm.m-w. Staszów,49.674
1206132,gm.w Sułoszowa,49.6642
3218023,gm.m-w. Łobez,49.6489
609082,gm.w Konopnica,49.625
3209022,gm.w Biesiekierz,49.618
401052,gm.w Bądkowo,49.6059
1002113,gm.m-w. Żychlin,49.5786
415052,gm.w Łubianka,49.5698
3010142,gm.w Wilczyn,49.5632
418092,gm.w Kowal,49.5509
1424043,gm.m-w. Pułtusk,49.5471
1463011,Radom,49.5471
218043,gm.m-w. Środa Śląska,49.5048
3208033,gm.m-w. Gościno,49.5032
614052,gm.w Końskowola,49.5011
2404152,gm.w Rędziny,49.4822
406062,gm.w Świecie nad Osą,49.4821
604011,Hrubieszów,49.4719
210072,gm.w Siekierczyn,49.4686
1006113,gm.m-w. Tuszyn,49.466
208031,Kudowa-Zdrój,49.4576
215022,gm.w Domaniów,49.4544
2412042,gm.w Lyski,49.4419
225011,Zawidów,49.4192
226011,Wojcieszów,49.4121
1414043,gm.m-w. Nasielsk,49.4108
405043,gm.m-w. Kowalewo Pomorskie,49.4043
1218082,gm.w Tomice,49.398
219063,gm.m-w. Strzegom,49.3941
2602072,gm.w Słupia,49.3922
2462011,Bytom,49.389
221021,Jedlina-Zdrój,49.3631
2473011,Rybnik,49.3612
222013,gm.m-w. Brzeg Dolny,49.3444
3028042,gm.w Mieścisko,49.3315
2814013,gm.m-w. Barczewo,49.3165
3008072,gm.w Trzcinica,49.3109
1424022,gm.w Obryte,49.3099
2803043,gm.m-w. Lidzbark,49.3069
1002102,gm.w Strzelce,49.3063
2402011,Szczyrk,49.2995
2607011,Ostrowiec Świętokrzyski,49.2968
804082,gm.w Siedlisko,49.2966
1003023,gm.m-w. Łask,49.2699
3020052,gm.w Gołuchów,49.2644
3004023,gm.m-w. Gostyń,49.2624
1428022,gm.w Brochów,49.2571
3010123,gm.m-w. Ślesin,49.2563
1010072,gm.w Ręczno,49.2554
1004063,gm.m-w. Piątek,49.2532
2204082,gm.w Trąbki Wielkie,49.2528
618011,Tomaszów Lubelski,49.2467
2602082,gm.w Sobków,49.2329
2402052,gm.w Jasienica,49.2322
3206053,gm.m-w. Mieszkowice,49.2165
1218033,gm.m-w. Kalwaria Zebrzydowska,49.2059
806052,gm.w Zwierzyn,49.199
221072,gm.w Stare Bogaczowice,49.1911
3001053,gm.m-w. Szamocin,49.1814
1019011,Zduńska Wola,49.1717
3015012,gm.w Kuślin,49.1677
3005053,gm.m-w. Wielichowo,49.1565
3020033,gm.m-w. Dobrzyca,49.1412
2413021,Miasteczko Śląskie,49.1238
414072,gm.w Osie,49.1018
2604172,gm.w Nowiny,49.0845
2213021,Skórcz,49.0702
401042,gm.w Aleksandrów Kujawski,49.0637
811082,gm.w Trzebiel,49.0603
224013,gm.m-w. Bardo,49.0595
1002022,gm.w Bedlno,49.0595
403022,gm.w Dąbrowa Chełmińska,49.0553
411072,gm.w Topólka,49.0502
1603011,Kędzierzyn-Koźle,49.0445
2606043,gm.m-w. Opatów,49.0375
3012043,gm.m-w. Krotoszyn,49.0328
617011,Świdnik,49.0287
3202063,gm.m-w. Recz,49.0275
224053,gm.m-w. Ząbkowice Śląskie,49.0259
202021,Dzierżoniów,49.0249
2814093,gm.m-w. Olsztynek,49.0095
2412032,gm.w Jejkowice,49.0084
2806083,gm.m-w. Ryn,49.0071
1810011,Łańcut,49.0014
3010073,gm.m-w. Rychwał,48.9943
223073,gm.m-w. Sobótka,48.9901
1423072,gm.w Rusinów,48.9839
3008022,gm.w Bralin,48.9809
2213031,Starogard Gdański,48.9656
208011,Duszniki-Zdrój,48.9597
2407011,Lubliniec,48.9576
801032,gm.w Deszczno,48.9546
3023062,gm.w Słupca,48.9531
2417122,gm.w Ślemień,48.953
1015012,gm.w Bolimów,48.9319
1007043,gm.m-w. Opoczno,48.9209
219021,Świebodzice,48.9135
3024042,gm.w Obrzycko,48.9106
401031,Nieszawa,48.9095
1406083,gm.m-w. Nowe Miasto nad Pilicą,48.9035
1006032,gm.w Brójce,48.8981
1263011,Tarnów,48.8949
3003023,gm.m-w. Czerniejewo,48.8766
2604123,gm.m-w. Morawica,48.8765
2602033,gm.m-w. Małogoszcz,48.8734
206031,Piechowice,48.8655
415072,gm.w Obrowo,48.8606
1406092,gm.w Pniewy,48.8513
214032,gm.w Dobroszyce,48.8382
205011,Jawor,48.8336
2412022,gm.w Gaszowice,48.8332
404042,gm.w Lisewo,48.8323
2005022,gm.w Białowieża,48.8263
1419063,gm.m-w. Gąbin,48.8194
2802033,gm.m-w. Frombork,48.8193
1017102,gm.w Wierzchlas,48.8189
2209082,gm.w Stare Pole,48.81
1209073,gm.m-w. Sułkowice,48.8082
811043,gm.m-w. Jasień,48.8078
1019023,gm.m-w. Szadek,48.7992
208041,Nowa Ruda,48.7964
1005022,gm.w Bielawy,48.7944
3006013,gm.m-w. Jaraczewo,48.7844
3212053,gm.m-w. Pyrzyce,48.7804
214073,gm.m-w. Syców,48.7484
2611053,gm.m-w. Wąchock,48.7461
1606023,gm.m-w. Namysłów,48.7448
2803062,gm.w Rybno,48.743
418113,gm.m-w. Lubień Kujawski,48.735
811072,gm.w Przewóz,48.7287
3206033,gm.m-w. Chojna,48.7147
1020021,Ozorków,48.7035
2412013,gm.m-w. Czerwionka-Leszczyny,48.6936
3216033,gm.m-w. Połczyn-Zdrój,48.6932
2402032,gm.w Buczkowice,48.6905
2479011,Żory,48.6872
1007023,gm.m-w. Drzewica,48.6807
2404122,gm.w Olsztyn,48.679
209011,Chojnów,48.6778
3010103,gm.m-w. Sompolno,48.6746
2204022,gm.w Cedry Wielkie,48.6688
2814052,gm.w Gietrzwałd,48.6579
2413011,Kalety,48.6547
805033,gm.m-w. Ośno Lubuskie,48.6474
3203033,gm.m-w. Kalisz Pomorski,48.6357
3213052,gm.w Postomino,48.6344
1402072,gm.w Opinogóra Górna,48.6273
1429092,gm.w Sterdyń,48.6253
1413042,gm.w Radzanów,48.6205
3216022,gm.w Brzeżno,48.6156
413043,gm.m-w. Więcbork,48.6137
2612012,gm.w Bogoria,48.6062
2810011,Mrągowo,48.5964
2605052,gm.w Ruda Maleniecka,48.5911
804023,gm.m-w. Bytom Odrzański,48.5677
619042,gm.w Stary Brus,48.5507
3209082,gm.w Świeszyno,48.5445
1437033,gm.m-w. Lubowidz,48.5433
3019022,gm.w Białośliwie,48.534
3007093,gm.m-w. Stawiszyn,48.5298
2403113,gm.m-w. Strumień,48.529
614112,gm.w Żyrzyn,48.526
226032,gm.w Pielgrzymka,48.5252
1403132,gm.w Wilga,48.5079
1419042,gm.w Bulkowo,48.5015
3023032,gm.w Orchowo,48.5
412032,gm.w Rogowo,48.4906
3208062,gm.w Siemyśl,48.4903
410042,gm.w Sadki,48.4903
807023,gm.m-w. Lubniewice,48.4752
1425011,Pionki,48.475
810053,gm.m-w. Małomice,48.4608
803042,gm.w Pszczew,48.4488
3009032,gm.w Chodów,48.4422
1433092,gm.w Wierzbno,48.418
206041,Szklarska Poręba,48.4142
203062,gm.w Żukowice,48.4001
212033,gm.m-w. Lwówek Śląski,48.3999
1012072,gm.w Kodrąb,48.395
2216013,gm.m-w. Dzierzgoń,48.3931
2403082,gm.w Hażlach,48.3927
806032,gm.w Stare Kurowo,48.3639
406022,gm.w Gruta,48.3455
1407062,gm.w Magnuszew,48.3448
809043,gm.m-w. Kargowa,48.3405
1017022,gm.w Czarnożyły,48.3404
1012053,gm.m-w. Kamieńsk,48.3302
1438042,gm.w Radziejowice,48.3259
2061011,Białystok,48.321
406033,gm.m-w. Łasin,48.3158
1218022,gm.w Brzeźnica,48.3034
1608043,gm.m-w. Praszka,48.2877
1215082,gm.w Zawoja,48.2797
2406042,gm.w Miedźno,48.2708
405052,gm.w Radomin,48.2505
417032,gm.w Książki,48.2492
1021011,Brzeziny,48.2491
1863011,Rzeszów,48.2455
1017062,gm.w Ostrówek,48.245
2612033,gm.m-w. Oleśnica,48.2436
1411102,gm.w Szelków,48.2389
2207052,gm.w Ryjewo,48.2278
2613042,gm.w Radków,48.2207
3013033,gm.m-w. Osieczna,48.2177
3031053,gm.m-w. Okonek,48.217
810032,gm.w Brzeźnica,48.2128
1018062,gm.w Sokolniki,48.2097
220063,gm.m-w. Żmigród,48.1928
416052,gm.w Śliwice,48.168
2210032,gm.w Ostaszewo,48.1597
3001032,gm.w Chodzież,48.1584
3201011,Białogard,48.1503
3002062,gm.w Połajewo,48.1475
3209033,gm.m-w. Bobolice,48.1427
1002062,gm.w Kutno,48.1321
1007062,gm.w Poświętne,48.1135
1419153,gm.m-w. Wyszogród,48.102
1214033,gm.m-w. Nowe Brzesko,48.0444
1604023,gm.m-w. Kluczbork,48.0377
2210042,gm.w Stegna,48.0284
2207011,Kwidzyn,48.0263
2404052,gm.w Kłomnice,48.0256
805022,gm.w Górzyca,48.0065
2213013,gm.m-w. Czarna Woda,48.0038
2413052,gm.w Krupski Młyn,48.0013
1021032,gm.w Dmosin,47.9982
409043,gm.m-w. Strzelno,47.9955
1009013,gm.m-w. Działoszyn,47.967
418052,gm.w Choceń,47.9646
1420062,gm.w Joniec,47.9623
2814023,gm.m-w. Biskupiec,47.9617
2603043,gm.m-w. Opatowiec,47.9567
1405032,gm.w Baranów,47.9427
2404102,gm.w Mstów,47.9347
1411032,gm.w Karniewo,47.9187
3006032,gm.w Kotlin,47.9161
1407053,gm.m-w. Kozienice,47.9152
206092,gm.w Stara Kamienica,47.9048
410013,gm.m-w. Kcynia,47.9022
419033,gm.m-w. Janowiec Wielkopolski,47.9005
2216022,gm.w Mikołajki Pomorskie,47.8826
2613052,gm.w Secemin,47.873
412052,gm.w Skrwilno,47.8722
3002022,gm.w Czarnków,47.8685
3019083,gm.m-w. Wyrzysk,47.8641
2210023,gm.m-w. Nowy Dwór Gdański,47.8616
2212102,gm.w Ustka,47.8602
1015052,gm.w Lipce Reymontowskie,47.85
810092,gm.w Żagań,47.8475
1435053,gm.m-w. Wyszków,47.8392
1607082,gm.w Pakosławice,47.8261
206082,gm.w Podgórzyn,47.8093
811063,gm.m-w. Lubsko,47.8032
2415052,gm.w Godów,47.7934
412022,gm.w Brzuze,47.7858
2476011,Świętochłowice,47.7804
609072,gm.w Jastków,47.7737
2415041,Wodzisław Śląski,47.7699
1002092,gm.w Oporów,47.7684
1017052,gm.w Osjaków,47.7637
3214113,gm.m-w. Suchań,47.7444
3215052,gm.w Grzmiąca,47.7361
418043,gm.m-w. Brześć Kujawski,47.7273
402053,gm.m-w. Górzno,47.7232
1010012,gm.w Aleksandrów,47.7214
1438023,gm.m-w. Mszczonów,47.7098
2808062,gm.w Srokowo,47.7035
414012,gm.w Bukowiec,47.6998
3017052,gm.w Przygodzice,47.6946
2416102,gm.w Żarnowiec,47.6683
2406062,gm.w Panki,47.6663
414102,gm.w Świekatowo,47.6648
417042,gm.w Płużnica,47.663
1435042,gm.w Somianka,47.6538
2205023,gm.m-w. Kartuzy,47.6511
2211062,gm.w Krokowa,47.6503
3003093,gm.m-w. Trzemeszno,47.6375
1607073,gm.m-w. Paczków,47.6225
3010092,gm.w Skulsk,47.6214
219052,gm.w Marcinowice,47.6081
1003052,gm.w Wodzierady,47.5973
2606032,gm.w Lipnik,47.5959
2404112,gm.w Mykanów,47.593
3210043,gm.m-w. Myślibórz,47.5903
2413092,gm.w Zbrosławice,47.5679
1414032,gm.w Leoncin,47.5662
2406082,gm.w Przystajń,47.5637
1425033,gm.m-w. Iłża,47.5602
214023,gm.m-w. Bierutów,47.5539
217022,gm.w Kondratowice,47.5351
211022,gm.w Lubin,47.5274
226062,gm.w Złotoryja,47.5265
1419072,gm.w Łąck,47.526
614092,gm.w Puławy,47.5251
1405052,gm.w Jaktorów,47.5233
804043,gm.m-w. Kożuchów,47.5002
1412062,gm.w Dobre,47.4874
2467011,Jastrzębie-Zdrój,47.4818
2407042,gm.w Herby,47.4812
2406072,gm.w Popów,47.455
223032,gm.w Jordanów Śląski,47.4507
218012,gm.w Kostomłoty,47.4469
1011052,gm.w Wartkowice,47.4275
2417152,gm.w Węgierska Górka,47.4202
2815083,gm.m-w. Morąg,47.4117
606011,Krasnystaw,47.4079
214083,gm.m-w. Twardogóra,47.397
1461011,Ostrołęka,47.3904
662011,Chełm,47.3837
2806052,gm.w Kruklanki,47.3836
2410062,gm.w Suszec,47.3815
1417062,gm.w Osieck,47.3727
2213112,gm.w Smętowo Graniczne,47.3603
1014042,gm.w Brzeźnio,47.3585
1605023,gm.m-w. Krapkowice,47.3564
2415031,Rydułtowy,47.3556
614083,gm.m-w. Nałęczów,47.3483
2214062,gm.w Tczew,47.3427
1010022,gm.w Czarnocin,47.3316
406043,gm.m-w. Radzyń Chełmiński,47.3307
1809011,Lubaczów,47.3204
1209033,gm.m-w. Myślenice,47.3191
2605062,gm.w Słupia Konecka,47.3122
1001011,Bełchatów,47.2979
1210011,Grybów,47.2937
1002082,gm.w Nowe Ostrowy,47.2925
2601072,gm.w Tuczępy,47.29
1016052,gm.w Inowłódz,47.2899
2601083,gm.m-w. Wiślica,47.2878
1215092,gm.w Zembrzyce,47.2821
3028053,gm.m-w. Skoki,47.2714
2212062,gm.w Kobylnica,47.2485
1218072,gm.w Stryszów,47.2255
2613012,gm.w Kluczewsko,47.2174
2406023,gm.m-w. Krzepice,47.2142
410023,gm.m-w. Mrocza,47.2098
3206092,gm.w Widuchowa,47.2083
3022042,gm.w Pakosław,47.2052
1010082,gm.w Rozprza,47.1893
1005072,gm.w Łowicz,47.1847
1411092,gm.w Sypniewo,47.1809
3209012,gm.w Będzino,47.1698
3028072,gm.w Wągrowiec,47.1551
418083,gm.m-w. Izbica Kujawska,47.1373
1434093,gm.m-w. Radzymin,47.1308
2404063,gm.m-w. Koniecpol,47.1292
203032,gm.w Jerzmanowa,47.1292
1219022,gm.w Gdów,47.1286
1423022,gm.w Gielniów,47.1275
2417072,gm.w Łękawica,47.1272
1413022,gm.w Dzierzgowo,47.1208
2609082,gm.w Wilczyce,47.1201
1011012,gm.w Dalików,47.1173
409033,gm.m-w. Mogilno,47.096
2212082,gm.w Słupsk,47.0909
2204052,gm.w Przywidz,47.0902
413013,gm.m-w. Kamień Krajeński,47.0881
3205032,gm.w Karnice,47.087
1607063,gm.m-w. Otmuchów,47.076
1018022,gm.w Czastary,47.075
2810023,gm.m-w. Mikołajki,47.0727
3010082,gm.w Rzgów,47.0718
3013052,gm.w Święciechowa,47.066
1401063,gm.m-w. Wyśmierzyce,47.0546
3031023,gm.m-w. Jastrowie,47.0346
218052,gm.w Udanin,47.0283
404052,gm.w Papowo Biskupie,47.0233
1402092,gm.w Sońsk,47.0212
404062,gm.w Stolno,47.0211
1419082,gm.w Mała Wieś,47.0151
2415021,Radlin,47.0025
2202052,gm.w Konarzyny,47.0022
2808053,gm.m-w. Reszel,46.9989
2804052,gm.w Milejewo,46.9933
218022,gm.w Malczyce,46.9818
1214012,gm.w Koniusza,46.9678
3206083,gm.m-w. Trzcińsko-Zdrój,46.9656
3206012,gm.w Banie,46.9535
2408031,Orzesze,46.9516
1214062,gm.w Radziemice,46.951
2811043,gm.m-w. Nidzica,46.9504
2609072,gm.w Samborzec,46.9436
811102,gm.w Żary,46.9424
804073,gm.m-w. Otyń,46.9417
810082,gm.w Wymiarki,46.9342
3010112,gm.w Stare Miasto,46.9313
3026023,gm.m-w. Dolsk,46.9194
1005032,gm.w Chąśno,46.9093
3013022,gm.w Lipno,46.9046
2609022,gm.w Dwikozy,46.9017
3010052,gm.w Kramsk,46.8995
3207023,gm.m-w. Golczewo,46.8857
2201023,gm.m-w. Bytów,46.8784
412062,gm.w Wąpielsk,46.8758
1005042,gm.w Domaniewice,46.873
806023,gm.m-w. Drezdenko,46.8693
2612053,gm.m-w. Połaniec,46.8544
3210013,gm.m-w. Barlinek,46.8522
805013,gm.m-w. Cybinka,46.8489
2405052,gm.w Rudziniec,46.8452
2478011,Zabrze,46.8384
1411052,gm.w Młynarze,46.8281
3218032,gm.w Radowo Małe,46.8269
3012063,gm.m-w. Zduny,46.8246
802042,gm.w Dąbie,46.821
617042,gm.w Rybczewice,46.818
614032,gm.w Janowiec,46.8085
209032,gm.w Krotoszyce,46.804
225033,gm.m-w. Bogatynia,46.8033
2607032,gm.w Bodzechów,46.8012
418132,gm.w Włocławek,46.7889
1015072,gm.w Nowy Kawęczyn,46.7833
1424032,gm.w Pokrzywnica,46.7806
2412052,gm.w Świerklany,46.7703
1002043,gm.m-w. Krośniewice,46.7654
2214043,gm.m-w. Pelplin,46.7636
1862011,Przemyśl,46.7539
208092,gm.w Lewin Kłodzki,46.7465
1419032,gm.w Brudzeń Duży,46.746
1608062,gm.w Rudniki,46.7459
2201063,gm.m-w. Miastko,46.7409
219083,gm.m-w. Żarów,46.7369
401082,gm.w Waganiec,46.7353
2002042,gm.w Gródek,46.7308
1003042,gm.w Widawa,46.7272
2609052,gm.w Łoniów,46.7222
2209073,gm.m-w. Nowy Staw,46.7018
2416073,gm.m-w. Pilica,46.6956
1424052,gm.w Świercze,46.6939
1218013,gm.m-w. Andrychów,46.6905
3010132,gm.w Wierzbinek,46.6879
664011,Zamość,46.664
3007012,gm.w Blizanów,46.6573
3002043,gm.m-w. Krzyż Wielkopolski,46.6566
2214023,gm.m-w. Gniew,46.6505
2601043,gm.m-w. Pacanów,46.6502
3218043,gm.m-w. Resko,46.6455
2206032,gm.w Karsin,46.6454
3018063,gm.m-w. Mikstat,46.6444
1428052,gm.w Nowa Sucha,46.6428
2417112,gm.w Rajcza,46.6414
1020072,gm.w Parzęczew,46.6396
1012062,gm.w Kobiele Wielkie,46.6272
1411062,gm.w Płoniawy-Bramura,46.6247
2802053,gm.m-w. Pieniężno,46.6208
1412052,gm.w Dębe Wielkie,46.6024
1018012,gm.w Bolesławiec,46.6012
1427062,gm.w Szczutowo,46.596
802032,gm.w Bytnica,46.5918
415022,gm.w Chełmża,46.5906
208083,gm.m-w. Lądek-Zdrój,46.5887
3003072,gm.w Mieleszyn,46.5852
3009063,gm.m-w. Kłodawa,46.5843
2814082,gm.w Kolno,46.5802
1010113,gm.m-w. Wolbórz,46.5799
3209063,gm.m-w. Polanów,46.5776
2203062,gm.w Przechlewo,46.5646
2604033,gm.m-w. Chęciny,46.5571
1218042,gm.w Lanckorona,46.5542
1412123,gm.m-w. Mrozy,46.5456
2211072,gm.w Puck,46.5366
3018042,gm.w Kobyla Góra,46.5363
208133,gm.m-w. Stronie Śląskie,46.5307
2804063,gm.m-w. Młynary,46.4974
1424012,gm.w Gzy,46.4936
1201063,gm.m-w. Nowy Wiśnicz,46.4842
1424062,gm.w Winnica,46.4765
3027092,gm.w Władysławów,46.4763
1219012,gm.w Biskupice,46.4759
1008042,gm.w Dobroń,46.4753
2406032,gm.w Lipie,46.47
809022,gm.w Bojadła,46.4656
2801032,gm.w Bartoszyce,46.4628
1423012,gm.w Borkowice,46.4573
214062,gm.w Oleśnica,46.4528
808022,gm.w Łagów,46.4439
212053,gm.m-w. Wleń,46.4404
1411073,gm.m-w. Różan,46.4318
405032,gm.w Golub-Dobrzyń,46.4314
2801063,gm.m-w. Sępopol,46.4309
2612022,gm.w Łubnice,46.4224
1215063,gm.m-w. Maków Podhalański,46.4205
3003032,gm.w Gniezno,46.4173
3205043,gm.m-w. Płoty,46.4167
2601022,gm.w Gnojno,46.4088
1218102,gm.w Wieprz,46.4012
1403032,gm.w Borowie,46.3965
3202053,gm.m-w. Pełczyce,46.3943
3203063,gm.m-w. Złocieniec,46.3916
801052,gm.w Lubiszyn,46.3894
415032,gm.w Czernikowo,46.3661
1010093,gm.m-w. Sulejów,46.3637
2405063,gm.m-w. Sośnicowice,46.362
1419012,gm.w Bielsk,46.3603
1008032,gm.w Dłutów,46.3555
1403103,gm.m-w. Pilawa,46.3546
2411011,Racibórz,46.3518
204043,gm.m-w. Wąsosz,46.3477
1210113,gm.m-w. Muszyna,46.3459
418072,gm.w Fabianki,46.3451
1601033,gm.m-w. Grodków,46.339
2406092,gm.w Wręczyca Wielka,46.3356
1016022,gm.w Będków,46.3265
1428062,gm.w Rybno,46.3246
2819022,gm.w Pozezdrze,46.3129
1419102,gm.w Radzanowo,46.2963
2206022,gm.w Dziemiany,46.2825
1009043,gm.m-w. Pajęczno,46.2797
3012011,Sulmierzyce,46.2734
2411022,gm.w Kornowac,46.273
402092,gm.w Świedziebnia,46.2666
1018043,gm.m-w. Lututów,46.2601
1010042,gm.w Grabica,46.2564
2013011,Wysokie Mazowieckie,46.2511
2816043,gm.m-w. Ruciane-Nida,46.2399
802072,gm.w Maszewo,46.2146
2405021,Pyskowice,46.2097
222033,gm.m-w. Wołów,46.2049
2203043,gm.m-w. Debrzno,46.1994
3204062,gm.w Przybiernów,46.1953
1420113,gm.m-w. Sochocin,46.1752
206072,gm.w Mysłakowice,46.1698
220052,gm.w Zawonia,46.1525
1209062,gm.w Siepraw,46.1411
1012042,gm.w Gomunice,46.1354
1010062,gm.w Moszczenica,46.1253
1428042,gm.w Młodzieszyn,46.1234
216043,gm.m-w. Polkowice,46.1125
1412112,gm.w Mińsk Mazowiecki,46.1111
606032,gm.w Gorzków,46.1083
2806042,gm.w Giżycko,46.1004
2415092,gm.w Mszana,46.0958
2013033,gm.m-w. Czyżew,46.0905
1210073,gm.m-w. Krynica-Zdrój,46.0894
2403072,gm.w Goleszów,46.0889
414052,gm.w Lniano,46.0807
661011,Biała Podlaska,46.0556
2606062,gm.w Sadowie,46.053
405062,gm.w Zbójno,46.052
1412142,gm.w Stanisławów,46.0497
3217043,gm.m-w. Tuczno,46.048
1004052,gm.w Łęczyca,46.0457
209062,gm.w Miłkowice,46.0422
3003082,gm.w Niechanowo,46.0404
812013,gm.m-w. Sława,46.0321
2601033,gm.m-w. Nowy Korczyn,46.0263
217032,gm.w Przeworno,46.0038
419043,gm.m-w. Łabiszyn,45.9828
3007112,gm.w Żelazków,45.9809
3204073,gm.m-w. Stepnica,45.9749
1214023,gm.m-w. Koszyce,45.963
217053,gm.m-w. Wiązów,45.9452
1413032,gm.w Lipowiec Kościelny,45.9313
1427042,gm.w Rościszewo,45.9248
604032,gm.w Horodło,45.9068
2415011,Pszów,45.9007
2409053,gm.m-w. Żarki,45.8881
414063,gm.m-w. Nowe,45.8874
801062,gm.w Santok,45.8776
212043,gm.m-w. Mirsk,45.8693
213012,gm.w Cieszków,45.8664
1407012,gm.w Garbatka-Letnisko,45.8657
616043,gm.m-w. Ryki,45.8643
406012,gm.w Grudziądz,45.8587
1021042,gm.w Jeżów,45.8534
219043,gm.m-w. Jaworzyna Śląska,45.8325
3217023,gm.m-w. Człopa,45.8222
413032,gm.w Sośno,45.8147
209073,gm.m-w. Prochowice,45.7862
1012102,gm.w Masłowice,45.784
1423082,gm.w Wieniawa,45.7763
3031042,gm.w Lipka,45.7741
207042,gm.w Marciszów,45.7729
2603033,gm.m-w. Kazimierza Wielka,45.7706
212013,gm.m-w. Gryfów Śląski,45.7693
1012113,gm.m-w. Przedbórz,45.7601
2202032,gm.w Chojnice,45.7585
205062,gm.w Wądroże Wielkie,45.7562
1011062,gm.w Zadzim,45.7455
2417132,gm.w Świnna,45.7412
3015063,gm.m-w. Zbąszyń,45.7404
3031062,gm.w Tarnówka,45.7393
1602043,gm.m-w. Kietrz,45.7284
1404032,gm.w Pacyna,45.7201
414032,gm.w Drzycim,45.7149
801022,gm.w Bogdaniec,45.7035
1011022,gm.w Pęczniew,45.6946
1423042,gm.w Odrzywół,45.6834
2613022,gm.w Krasocin,45.6739
221011,Boguszów-Gorce,45.6711
209082,gm.w Ruja,45.6607
3012023,gm.m-w. Kobylin,45.6578
804052,gm.w Nowa Sól,45.6522
1434113,gm.m-w. Tłuszcz,45.6377
1218052,gm.w Mucharz,45.6369
402032,gm.w Brodnica,45.6361
1609073,gm.m-w. Niemodlin,45.6354
3017023,gm.m-w. Nowe Skalmierzyce,45.632
1218062,gm.w Spytkowice,45.6168
1001062,gm.w Rusiec,45.6095
204013,gm.m-w. Góra,45.6085
2801052,gm.w Górowo Iławeckie,45.5845
2804042,gm.w Markusy,45.5608
418102,gm.w Lubanie,45.5604
807012,gm.w Krzeszyce,45.5317
216032,gm.w Grębocice,45.5316
2204072,gm.w Suchy Dąb,45.5273
1424072,gm.w Zatory,45.5261
1005052,gm.w Kiernozia,45.5226
3007083,gm.m-w. Opatówek,45.5178
2604092,gm.w Masłów,45.5084
1607013,gm.m-w. Głuchołazy,45.5046
604052,gm.w Mircze,45.5032
3013012,gm.w Krzemieniewo,45.5029
219072,gm.w Świdnica,45.5
3017042,gm.w Ostrów Wielkopolski,45.4911
3028022,gm.w Damasławek,45.4751
2403062,gm.w Dębowiec,45.4748
206021,Kowary,45.4742
1008072,gm.w Pabianice,45.4698
3018012,gm.w Czajków,45.4691
1433062,gm.w Miedzna,45.4617
2607022,gm.w Bałtów,45.4464
2202043,gm.m-w. Czersk,45.436
2206052,gm.w Liniewo,45.4328
2417102,gm.w Radziechowy-Wieprz,45.4316
1438032,gm.w Puszcza Mariańska,45.4283
2404022,gm.w Dąbrowa Zielona,45.4262
224033,gm.m-w. Kamieniec Ząbkowicki,45.4205
1434072,gm.w Klembów,45.4195
2803032,gm.w Iłowo-Osada,45.4178
3031033,gm.m-w. Krajenka,45.4147
3008042,gm.w Łęka Opatowska,45.4119
2407062,gm.w Koszęcin,45.4022
3209042,gm.w Manowo,45.3967
3007032,gm.w Ceków-Kolonia,45.3954
2609043,gm.m-w. Koprzywnica,45.3878
2212092,gm.w Smołdzino,45.3873
3215033,gm.m-w. Biały Bór,45.3839
414042,gm.w Jeżewo,45.3755
3212033,gm.m-w. Lipiany,45.3745
1407072,gm.w Sieciechów,45.3744
3018073,gm.m-w. Ostrzeszów,45.368
1416062,gm.w Nur,45.3679
807053,gm.m-w. Torzym,45.3668
213022,gm.w Krośnice,45.3602
414022,gm.w Dragacz,45.3547
3020013,gm.m-w. Chocz,45.3491
1014023,gm.m-w. Błaszki,45.3489
1601011,Brzeg,45.3103
1416011,Ostrów Mazowiecka,45.3052
1004032,gm.w Góra Świętej Małgorzaty,45.2721
2009011,Sejny,45.2607
3216052,gm.w Sławoborze,45.2602
3027073,gm.m-w. Tuliszków,45.2594
2409023,gm.m-w. Koziegłowy,45.2537
1262011,Nowy Sącz,45.2404
1429022,gm.w Bielany,45.222
1801052,gm.w Lutowiska,45.2135
2812052,gm.w Nowe Miasto Lubawskie,45.2051
3027022,gm.w Brudzew,45.1829
1406022,gm.w Błędów,45.1679
3212062,gm.w Warnice,45.1641
1403062,gm.w Łaskarzew,45.1625
1014082,gm.w Sieradz,45.1532
608011,Lubartów,45.1516
224063,gm.m-w. Ziębice,45.1455
3019062,gm.w Szydłowo,45.1344
2803022,gm.w Działdowo,45.1124
2403103,gm.m-w. Skoczów,45.1098
2216032,gm.w Stary Dzierzgoń,45.1091
1402033,gm.m-w. Glinojeck,45.1056
2215042,gm.w Choczewo,45.0973
614043,gm.m-w. Kazimierz Dolny,45.083
802052,gm.w Gubin,45.0815
1217011,Zakopane,45.0719
2604102,gm.w Miedziana Góra,45.0691
2604192,gm.w Zagnańsk,45.0569
2002093,gm.m-w. Supraśl,45.0478
1012032,gm.w Gidle,45.0369
2203072,gm.w Rzeczenica,45.0317
1017072,gm.w Pątnów,45.0246
616062,gm.w Ułęż,45.0238
2601063,gm.m-w. Stopnica,45.0238
811052,gm.w Lipinki Łużyckie,45.0224
1010102,gm.w Wola Krzysztoporska,45.0129
2606053,gm.m-w. Ożarów,44.9948
3212022,gm.w Kozielice,44.9819
808042,gm.w Szczaniec,44.9675
3019043,gm.m-w. Łobżenica,44.962
409012,gm.w Dąbrowa,44.9533
1015062,gm.w Maków,44.9459
2812032,gm.w Grodziczno,44.9336
3002032,gm.w Drawsko,44.9263
205042,gm.w Mściwojów,44.9243
220023,gm.m-w. Prusice,44.9209
2812042,gm.w Kurzętnik,44.9152
208112,gm.w Nowa Ruda,44.9126
2212032,gm.w Dębnica Kaszubska,44.9078
1014102,gm.w Wróblew,44.8953
2209042,gm.w Malbork,44.895
3207052,gm.w Świerzno,44.8849
612072,gm.w Wilków,44.8821
202011,Bielawa,44.8769
1420122,gm.w Załuski,44.8691
1610043,gm.m-w. Prudnik,44.8657
2801043,gm.m-w. Bisztynek,44.8532
2609062,gm.w Obrazów,44.8519
2818033,gm.m-w. Gołdap,44.8496
3214042,gm.w Dolice,44.8442
811032,gm.w Brody,44.8276
1604013,gm.m-w. Byczyna,44.8201
1403082,gm.w Miastków Kościelny,44.819
2417092,gm.w Milówka,44.8108
208072,gm.w Kłodzko,44.7898
2815073,gm.m-w. Miłomłyn,44.781
804063,gm.m-w. Nowe Miasteczko,44.7778
2808022,gm.w Barciany,44.7761
1402082,gm.w Regimin,44.7719
2818012,gm.w Banie Mazurskie,44.7703
812033,gm.m-w. Wschowa,44.7578
1010032,gm.w Gorzkowice,44.753
221082,gm.w Walim,44.7515
1804011,Jarosław,44.7495
604022,gm.w Dołhobyczów,44.7483
1016072,gm.w Rokiciny,44.7424
216062,gm.w Radwanice,44.739
3008062,gm.w Rychtal,44.7375
1428072,gm.w Sochaczew,44.7345
2417032,gm.w Gilowice,44.7289
203042,gm.w Kotla,44.7262
603011,Rejowiec Fabryczny,44.7089
1814011,Przeworsk,44.7071
1438053,gm.m-w. Wiskitki,44.697
1401022,gm.w Promna,44.6931
2807063,gm.m-w. Susz,44.681
1406062,gm.w Jasieniec,44.6789
3029022,gm.w Siedlec,44.6777
205032,gm.w Męcinka,44.6775
609092,gm.w Krzczonów,44.6774
1211023,gm.m-w. Szczawnica,44.6746
1402022,gm.w Ciechanów,44.671
1409033,gm.m-w. Lipsko,44.665
1004072,gm.w Świnice Warckie,44.6649
2206042,gm.w Kościerzyna,44.6592
2607053,gm.m-w. Kunów,44.6511
613043,gm.m-w. Parczew,44.6507
408022,gm.w Bobrowniki,44.6492
2410042,gm.w Pawłowice,44.6464
202062,gm.w Łagiewniki,44.6417
3029012,gm.w Przemęt,44.6384
206062,gm.w Jeżów Sudecki,44.6343
208063,gm.m-w. Bystrzyca Kłodzka,44.6284
215042,gm.w Oława,44.6248
3026033,gm.m-w. Książ Wielkopolski,44.6228
1412093,gm.m-w. Kałuszyn,44.6165
1009022,gm.w Kiełczygłów,44.6076
2410032,gm.w Miedźna,44.6038
1207011,Limanowa,44.6008
2002013,gm.m-w. Choroszcz,44.5979
2208042,gm.w Nowa Wieś Lęborska,44.5887
1609123,gm.m-w. Tułowice,44.5813
1020062,gm.w Ozorków,44.5752
1609022,gm.w Dąbrowa,44.5589
2802042,gm.w Lelkowo,44.553
2817072,gm.w Świętajno,44.5396
1016092,gm.w Tomaszów Mazowiecki,44.5294
609013,gm.m-w. Bełżyce,44.528
416032,gm.w Kęsowo,44.5166
619032,gm.w Hańsk,44.5109
2407022,gm.w Boronów,44.5057
2404082,gm.w Kruszyna,44.5023
416022,gm.w Gostycyn,44.4893
3009113,gm.m-w. Przedecz,44.4854
1412132,gm.w Siennica,44.4814
416042,gm.w Lubiewo,44.474
2604133,gm.m-w. Nowa Słupia,44.4717
412042,gm.w Rypin,44.471
2215102,gm.w Wejherowo,44.4677
1205011,Gorlice,44.4667
408043,gm.m-w. Dobrzyń nad Wisłą,44.4637
3027033,gm.m-w. Dobra,44.4536
1416032,gm.w Boguty-Pianki,44.4488
3011043,gm.m-w. Krzywiń,44.4388
1435062,gm.w Zabrodzie,44.4352
2206062,gm.w Lipusz,44.4327
1209013,gm.m-w. Dobczyce,44.422
402022,gm.w Bobrowo,44.4217
216053,gm.m-w. Przemków,44.4096
1420043,gm.m-w. Czerwińsk nad Wisłą,44.4006
618123,gm.m-w. Tyszowce,44.3995
408052,gm.w Kikół,44.3972
3217052,gm.w Wałcz,44.3778
2604043,gm.m-w. Chmielnik,44.3688
2404092,gm.w Lelów,44.368
1201052,gm.w Łapanów,44.3577
601062,gm.w Kodeń,44.3473
2609033,gm.m-w. Klimontów,44.3471
1409042,gm.w Rzeczniów,44.3444
1014052,gm.w Burzenin,44.3434
2817032,gm.w Jedwabno,44.3367
2601052,gm.w Solec-Zdrój,44.3274
406052,gm.w Rogóźno,44.3147
2011072,gm.w Sidra,44.3121
2201092,gm.w Trzebielino,44.3065
3022023,gm.m-w. Jutrosin,44.2788
1606012,gm.w Domaszowice,44.2765
2201072,gm.w Parchowo,44.2738
1207021,Mszana Dolna,44.2714
1014113,gm.m-w. Złoczew,44.2575
221053,gm.m-w. Głuszyca,44.2563
1003032,gm.w Sędziejowice,44.2535
222022,gm.w Wińsko,44.2401
416012,gm.w Cekcyn,44.24
613072,gm.w Sosnowica,44.2368
2610032,gm.w Łączna,44.2187
3013072,gm.w Włoszakowice,44.2075
1017042,gm.w Mokrsko,44.206
1211062,gm.w Krościenko nad Dunajcem,44.1991
2816023,gm.m-w. Orzysz,44.1903
1017012,gm.w Biała,44.1809
3019093,gm.m-w. Wysoka,44.1803
417052,gm.w Ryńsk,44.1801
2802062,gm.w Płoskinia,44.1785
1010052,gm.w Łęki Szlacheckie,44.1703
1426022,gm.w Korczew,44.166
2409032,gm.w Niegowa,44.1649
612063,gm.m-w. Poniatowa,44.1605
1411022,gm.w Czerwonka,44.1489
205023,gm.m-w. Bolków,44.147
3019052,gm.w Miasteczko Krajeńskie,44.1373
1406073,gm.m-w. Mogielnica,44.131
1464011,Siedlce,44.1276
3215062,gm.w Szczecinek,44.1275
614102,gm.w Wąwolnica,44.1234
418063,gm.m-w. Chodecz,44.1226
205052,gm.w Paszowice,44.1169
3020022,gm.w Czermin,44.1135
810073,gm.m-w. Szprotawa,44.0762
2604053,gm.m-w. Daleszyce,44.0675
210053,gm.m-w. Olszyna,44.0667
1215032,gm.w Budzów,44.0463
201062,gm.w Warta Bolesławiecka,44.0145
1601062,gm.w Olszanka,44.009
1427072,gm.w Zawidz,44.0043
1002072,gm.w Łanięta,44.0
3004013,gm.m-w. Borek Wielkopolski,43.9995
1609103,gm.m-w. Prószków,43.9916
2417052,gm.w Koszarawa,43.9898
3210052,gm.w Nowogródek Pomorski,43.9773
2612083,gm.m-w. Szydłów,43.9651
1814042,gm.w Jawornik Polski,43.9628
2404032,gm.w Janów,43.9577
2802072,gm.w Wilczęta,43.9523
210033,gm.m-w. Leśna,43.9485
1402042,gm.w Gołymin-Ośrodek,43.9472
1201082,gm.w Trzciana,43.9426
2206072,gm.w Nowa Karczma,43.9422
1420072,gm.w Naruszewo,43.9346
1015092,gm.w Słupia,43.9249
3004073,gm.m-w. Poniec,43.9145
1415042,gm.w Goworowo,43.9045
614062,gm.w Kurów,43.9012
3007072,gm.w Mycielin,43.8914
1202023,gm.m-w. Brzesko,43.8865
1607042,gm.w Łambinowice,43.882
3213042,gm.w Malechowo,43.88
2605083,gm.m-w. Stąporków,43.8786
1423032,gm.w Klwów,43.8763
1003012,gm.w Buczek,43.8665
611011,Łuków,43.864
3205012,gm.w Brojce,43.8592
1012022,gm.w Dobryszyce,43.827
1437013,gm.m-w. Bieżuń,43.8099
402042,gm.w Brzozie,43.8088
2804012,gm.w Elbląg,43.8035
1015082,gm.w Skierniewice,43.7983
1434052,gm.w Dąbrówka,43.7958
1607092,gm.w Skoroszyce,43.7865
609112,gm.w Niemce,43.7781
2011083,gm.m-w. Sokółka,43.7659
2612062,gm.w Rytwiany,43.7539
1017082,gm.w Skomlin,43.7404
2407083,gm.m-w. Woźniki,43.7395
1401032,gm.w Radzanów,43.7291
1407032,gm.w Gniewoszów,43.7272
603052,gm.w Dubienka,43.7229
2209032,gm.w Lichnowy,43.7202
2818022,gm.w Dubeninki,43.7172
801073,gm.m-w. Witnica,43.7079
1422072,gm.w Przasnysz,43.6979
606092,gm.w Rudnik,43.6932
2815063,gm.m-w. Miłakowo,43.6895
3009043,gm.m-w. Dąbie,43.689
203022,gm.w Głogów,43.6669
3017063,gm.m-w. Raszków,43.6579
3004052,gm.w Piaski,43.6549
2814033,gm.m-w. Dobre Miasto,43.624
2213093,gm.m-w. Skarszewy,43.6088
2809053,gm.m-w. Orneta,43.5934
2002073,gm.m-w. Michałowo,43.5774
1019032,gm.w Zapolice,43.5438
619072,gm.w Wola Uhruska,43.542
609052,gm.w Głusk,43.5356
619082,gm.w Wyryki,43.535
3017033,gm.m-w. Odolanów,43.5328
1012132,gm.w Wielgomłyny,43.5255
2815092,gm.w Ostróda,43.5255
601011,Międzyrzec Podlaski,43.5111
402082,gm.w Osiek,43.5107
1602033,gm.m-w. Głubczyce,43.5063
2611032,gm.w Mirzec,43.5015
2011052,gm.w Kuźnica,43.4961
609132,gm.w Wojciechów,43.495
1012092,gm.w Ładzice,43.4746
1015022,gm.w Głuchów,43.4485
2804032,gm.w Gronowo Elbląskie,43.4409
2814102,gm.w Purda,43.429
1811011,Mielec,43.4207
2814063,gm.m-w. Jeziorany,43.4153
1429032,gm.w Ceranów,43.4149
1429042,gm.w Jabłonna Lacka,43.4057
1606052,gm.w Wilków,43.4014
2415062,gm.w Gorzyce,43.3973
1016102,gm.w Ujazd,43.3948
203052,gm.w Pęcław,43.3937
1007012,gm.w Białaczów,43.3863
609033,gm.m-w. Bychawa,43.3663
2812022,gm.w Biskupiec,43.3523
2206082,gm.w Stara Kiszewa,43.349
1413052,gm.w Strzegowo,43.3176
417022,gm.w Dębowa Łąka,43.3101
1427022,gm.w Gozdowo,43.3002
606072,gm.w Łopiennik Górny,43.289
617033,gm.m-w. Piaski,43.2884
2415082,gm.w Marklowice,43.2712
208143,gm.m-w. Szczytna,43.2707
1015042,gm.w Kowiesy,43.2639
1018032,gm.w Galewice,43.2251
1861011,Krosno,43.2069
2215092,gm.w Szemud,43.1901
408073,gm.m-w. Skępe,43.1727
2604012,gm.w Bieliny,43.1676
2811032,gm.w Kozłowo,43.1634
1009062,gm.w Siemkowice,43.1612
3208052,gm.w Rymań,43.1609
3020042,gm.w Gizałki,43.1496
1805011,Jasło,43.1301
807032,gm.w Słońsk,43.1295
2604153,gm.m-w. Pierzchnica,43.1191
2212053,gm.m-w. Kępice,43.116
2013093,gm.m-w. Szepietowo,43.114
3209073,gm.m-w. Sianów,43.1057
211032,gm.w Rudna,43.1028
618063,gm.m-w. Łaszczów,43.0938
2802022,gm.w Braniewo,43.09
2404142,gm.w Przyrów,43.0827
1014093,gm.m-w. Warta,43.0775
1429062,gm.w Repki,43.076
3218013,gm.m-w. Dobra,43.0508
210062,gm.w Platerówka,43.0325
604042,gm.w Hrubieszów,43.0321
612032,gm.w Karczmiska,43.029
1415102,gm.w Rzekuń,43.0083
206052,gm.w Janowice Wielkie,43.0042
1012122,gm.w Radomsko,43.004
2603053,gm.m-w. Skalbmierz,43.0003
604082,gm.w Werbkowice,42.9997
1420032,gm.w Baboszewo,42.9925
620072,gm.w Nielisz,42.9924
1016082,gm.w Rzeczyca,42.9811
2813032,gm.w Kowale Oleckie,42.9759
2813043,gm.m-w. Olecko,42.9704
2011043,gm.m-w. Krynki,42.9682
1015032,gm.w Godzianów,42.9644
1404022,gm.w Gostynin,42.9623
3004042,gm.w Pępowo,42.9606
612053,gm.m-w. Opole Lubelskie,42.9564
1416052,gm.w Małkinia Górna,42.9326
1601043,gm.m-w. Lewin Brzeski,42.9306
2063011,Suwałki,42.9113
1209082,gm.w Tokarnia,42.8894
2214032,gm.w Morzeszczyn,42.8885
2212072,gm.w Potęgowo,42.8823
3218053,gm.m-w. Węgorzyno,42.8821
1013023,gm.m-w. Biała Rawska,42.8775
1201032,gm.w Drwinia,42.8703
2413082,gm.w Tworóg,42.864
219032,gm.w Dobromierz,42.8571
1404043,gm.m-w. Sanniki,42.85
2610042,gm.w Skarżysko Kościelne,42.8499
214053,gm.m-w. Międzybórz,42.8431
1434062,gm.w Jadów,42.836
3010062,gm.w Krzymów,42.8256
1433072,gm.w Sadowne,42.8053
1009032,gm.w Nowa Brzeźnica,42.7784
2806062,gm.w Miłki,42.7761
414112,gm.w Warlubie,42.7754
2201082,gm.w Studzienice,42.7666
1433042,gm.w Liw,42.7577
1004042,gm.w Grabów,42.7518
609102,gm.w Niedrzwica Duża,42.7478
1606042,gm.w Świerczów,42.7432
1216092,gm.w Tarnów,42.7395
2604142,gm.w Piekoszów,42.7311
1012082,gm.w Lgota Wielka,42.7264
1201022,gm.w Bochnia,42.7253
1433053,gm.m-w. Łochów,42.7125
211043,gm.m-w. Ścinawa,42.7066
1007072,gm.w Sławno,42.6946
3214102,gm.w Stargard,42.6944
226043,gm.m-w. Świerzawa,42.6777
2405073,gm.m-w. Toszek,42.645
2212022,gm.w Damnica,42.6316
2001062,gm.w Płaska,42.6255
2062011,Łomża,42.6238
210042,gm.w Lubań,42.594
3018022,gm.w Doruchów,42.5833
1409063,gm.m-w. Solec nad Wisłą,42.5798
614022,gm.w Baranów,42.5587
1402062,gm.w Ojrzeń,42.5567
607011,Kraśnik,42.545
408092,gm.w Wielgie,42.5209
402073,gm.m-w. Jabłonowo Pomorskie,42.4986
1416112,gm.w Zaręby Kościelne,42.4958
1201042,gm.w Lipnica Murowana,42.4672
1416022,gm.w Andrzejewo,42.4664
1609092,gm.w Popielów,42.4395
2807032,gm.w Iława,42.4386
3009052,gm.w Grzegorzew,42.4184
1018052,gm.w Łubnice,42.4159
1403042,gm.w Garwolin,42.4127
1413072,gm.w Szreńsk,42.4079
1435032,gm.w Rząśnik,42.393
1817011,Sanok,42.3849
1816092,gm.w Krasne,42.3829
1007032,gm.w Mniszków,42.3789
1005082,gm.w Łyszkowice,42.3767
1407042,gm.w Grabów nad Pilicą,42.3577
1803011,Dębica,42.3466
1427052,gm.w Sierpc,42.3044
1605013,gm.m-w. Gogolin,42.3028
1413092,gm.w Wieczfnia Kościelna,42.2923
1209042,gm.w Pcim,42.2446
2815042,gm.w Łukta,42.2418
601162,gm.w Terespol,42.2202
1434102,gm.w Strachówka,42.219
617022,gm.w Mełgiew,42.2171
615011,Radzyń Podlaski,42.196
2002032,gm.w Dobrzyniewo Duże,42.1769
3203013,gm.m-w. Czaplinek,42.155
1433082,gm.w Stoczek,42.1491
2208052,gm.w Wicko,42.1445
1016062,gm.w Lubochnia,42.1311
3008052,gm.w Perzów,42.1248
2203032,gm.w Człuchów,42.1222
2411042,gm.w Krzyżanowice,42.1189
1211011,Nowy Targ,42.1144
3018033,gm.m-w. Grabów nad Prosną,42.1114
1419142,gm.w Staroźreby,42.1023
609142,gm.w Wólka,42.0995
202073,gm.m-w. Niemcza,42.0994
2605022,gm.w Gowarczów,42.0799
601052,gm.w Janów Podlaski,42.0772
1403092,gm.w Parysów,42.071
2406052,gm.w Opatów,42.0426
3018052,gm.w Kraszewice,42.033
1610032,gm.w Lubrza,42.0266
2411033,gm.m-w. Krzanowice,42.019
216013,gm.m-w. Chocianów,42.0093
2817022,gm.w Dźwierzuty,42.0084
2208032,gm.w Cewice,42.0024
1020052,gm.w Głowno,42.0017
606022,gm.w Fajsławice,41.9872
2809022,gm.w Kiwity,41.9742
224022,gm.w Ciepłowody,41.9631
1603052,gm.w Polska Cerekiew,41.9616
812023,gm.m-w. Szlichtyngowa,41.9605
3009072,gm.w Koło,41.9478
404022,gm.w Chełmno,41.936
2011102,gm.w Szudziałowo,41.9275
619062,gm.w Włodawa,41.9226
2417042,gm.w Jeleśnia,41.9152
1413102,gm.w Wiśniewo,41.8976
602011,Biłgoraj,41.8741
1605053,gm.m-w. Zdzieszowice,41.8665
2002133,gm.m-w. Wasilków,41.8664
2002052,gm.w Juchnowiec Kościelny,41.8616
2207043,gm.m-w. Prabuty,41.8526
2003021,Brańsk,41.8517
2606082,gm.w Wojciechowice,41.8506
2213122,gm.w Starogard Gdański,41.8441
209022,gm.w Chojnów,41.8304
3027062,gm.w Przykona,41.8303
603022,gm.w Białopole,41.8195
2001011,Augustów,41.8119
1808011,Leżajsk,41.8108
3213032,gm.w Darłowo,41.7954
3214082,gm.w Marianowo,41.7935
224073,gm.m-w. Złoty Stok,41.7914
2815032,gm.w Grunwald,41.7894
3216062,gm.w Świdwin,41.7831
2604162,gm.w Raków,41.7749
2215052,gm.w Gniewino,41.765
2205052,gm.w Somonino,41.7634
605053,gm.m-w. Janów Lubelski,41.7631
3210033,gm.m-w. Dębno,41.7492
1609032,gm.w Dobrzeń Wielki,41.7305
2607043,gm.m-w. Ćmielów,41.7216
1609052,gm.w Łubniany,41.7187
2612043,gm.m-w. Osiek,41.7082
2205072,gm.w Sulęczyno,41.7023
2610022,gm.w Bliżyn,41.7011
2804022,gm.w Godkowo,41.6863
3201043,gm.m-w. Tychowo,41.6791
1420052,gm.w Dzierzążnia,41.662
225072,gm.w Zgorzelec,41.6559
603072,gm.w Leśniowice,41.6479
1607022,gm.w Kamiennik,41.6202
1401042,gm.w Stara Błotnica,41.6131
1412082,gm.w Jakubów,41.603
1435012,gm.w Brańszczyk,41.603
1007052,gm.w Paradyż,41.5993
1415112,gm.w Troszyn,41.5873
620153,gm.m-w. Zwierzyniec,41.5821
2013042,gm.w Klukowo,41.5746
1430053,gm.m-w. Szydłowiec,41.5725
2403042,gm.w Brenna,41.5546
618032,gm.w Jarczów,41.5542
601082,gm.w Leśna Podlaska,41.545
2202023,gm.m-w. Brusy,41.5396
2603012,gm.w Bejsce,41.5369
3210022,gm.w Boleszkowice,41.532
2814122,gm.w Świątki,41.5184
2807043,gm.m-w. Kisielice,41.4745
2808032,gm.w Kętrzyn,41.461
1436022,gm.w Policzna,41.4283
2011013,gm.m-w. Dąbrowa Białostocka,41.4093
601142,gm.w Sławatycze,41.4052
810062,gm.w Niegosławice,41.396
2213042,gm.w Bobowo,41.3879
408082,gm.w Tłuchowo,41.3875
1607033,gm.m-w. Korfantów,41.3821
1013062,gm.w Sadkowice,41.3281
601182,gm.w Wisznice,41.3262
1009082,gm.w Sulmierzyce,41.3255
2611022,gm.w Brody,41.3011
1609112,gm.w Tarnów Opolski,41.2998
208103,gm.m-w. Międzylesie,41.2979
2201032,gm.w Czarna Dąbrówka,41.2883
1013052,gm.w Regnów,41.2864
3215023,gm.m-w. Barwice,41.2794
1602013,gm.m-w. Baborów,41.2642
1419053,gm.m-w. Drobin,41.2495
1413082,gm.w Szydłowo,41.2387
2005011,Hajnówka,41.2337
1604043,gm.m-w. Wołczyn,41.2259
1002032,gm.w Dąbrowice,41.223
2213072,gm.w Osieczna,41.2193
1409052,gm.w Sienno,41.202
2013023,gm.m-w. Ciechanowiec,41.1702
2213052,gm.w Kaliska,41.17
2808043,gm.m-w. Korsze,41.1635
208123,gm.m-w. Radków,41.1128
604062,gm.w Trzeszczany,41.071
1601052,gm.w Lubsza,41.0692
2606022,gm.w Iwaniska,41.0681
620032,gm.w Komarów-Osada,41.0656
619022,gm.w Hanna,41.0606
609162,gm.w Zakrzew,41.0589
2817062,gm.w Szczytno,41.052
1402052,gm.w Grudusk,41.0467
1019042,gm.w Zduńska Wola,41.042
1609083,gm.m-w. Ozimek,41.0304
2213062,gm.w Lubichowo,41.0153
1436053,gm.m-w. Zwoleń,40.9917
2009042,gm.w Puńsk,40.9769
1609042,gm.w Komprachcice,40.9725
610033,gm.m-w. Łęczna,40.9633
1422032,gm.w Czernice Borowe,40.961
1425062,gm.w Jedlnia-Letnisko,40.9486
2014011,Zambrów,40.947
2607062,gm.w Waśniów,40.9252
216022,gm.w Gaworzyce,40.9194
2003011,Bielsk Podlaski,40.916
620043,gm.m-w. Krasnobród,40.9143
804032,gm.w Kolsko,40.9132
2411062,gm.w Nędza,40.8944
3009082,gm.w Kościelec,40.8846
2815052,gm.w Małdyty,40.8813
225052,gm.w Sulików,40.8624
201052,gm.w Osiecznica,40.8617
1009072,gm.w Strzelce Wielkie,40.859
2809032,gm.w Lidzbark Warmiński,40.8084
1606032,gm.w Pokój,40.8048
2201042,gm.w Kołczygłowy,40.7609
2806102,gm.w Wydminy,40.7383
2201102,gm.w Tuchomie,40.7236
212023,gm.m-w. Lubomierz,40.7156
601092,gm.w Łomazy,40.7134
3031072,gm.w Zakrzewo,40.6967
1427032,gm.w Mochowo,40.6854
1211123,gm.m-w. Rabka-Zdrój,40.6723
620142,gm.w Zamość,40.6557
3027042,gm.w Kawęczyn,40.6015
1611043,gm.m-w. Leśnica,40.6009
601152,gm.w Sosnówka,40.5936
214042,gm.w Dziadowa Kłoda,40.5829
606062,gm.w Kraśniczyn,40.5821
1401052,gm.w Stromiec,40.5776
201032,gm.w Gromadka,40.568
1216112,gm.w Wierzchosławice,40.5633
607023,gm.m-w. Annopol,40.5517
3212042,gm.w Przelewice,40.5474
2002112,gm.w Turośń Kościelna,40.5273
3204033,gm.m-w. Maszewo,40.5224
2805011,Ełk,40.5166
201022,gm.w Bolesławiec,40.51
1403052,gm.w Górzno,40.5063
2205012,gm.w Chmielno,40.498
1420102,gm.w Raciąż,40.4965
1001072,gm.w Szczerców,40.4921
2215072,gm.w Luzino,40.4746
1201072,gm.w Rzezawa,40.4637
1413062,gm.w Stupsk,40.4564
3004033,gm.m-w. Krobia,40.432
1205092,gm.w Sękowa,40.4294
2604073,gm.m-w. Łagów,40.4287
3201033,gm.m-w. Karlino,40.4267
1404052,gm.w Szczawin Kościelny,40.4216
1425112,gm.w Wierzbica,40.4038
606042,gm.w Izbica,40.3961
606112,gm.w Żółkiewka,40.3846
1433032,gm.w Korytnica,40.3721
2205062,gm.w Stężyca,40.3716
1435022,gm.w Długosiodło,40.3708
1611012,gm.w Izbicko,40.3658
2002023,gm.m-w. Czarna Białostocka,40.3532
2207032,gm.w Kwidzyn,40.3411
408062,gm.w Lipno,40.2959
603132,gm.w Wojsławice,40.2853
1016042,gm.w Czerniewice,40.2789
2817043,gm.m-w. Pasym,40.272
3027082,gm.w Turek,40.2285
1215052,gm.w Jordanów,40.2224
1429082,gm.w Sokołów Podlaski,40.1855
3007042,gm.w Godziesze Wielkie,40.1799
602123,gm.m-w. Tarnogród,40.1753
1209092,gm.w Wiśniowa,40.1726
3009022,gm.w Babiak,40.1685
1211042,gm.w Czorsztyn,40.1487
618102,gm.w Telatyn,40.1401
202033,gm.m-w. Pieszyce,40.1374
1410052,gm.w Sarnaki,40.1347
1809023,gm.m-w. Cieszanów,40.0961
2213102,gm.w Skórcz,40.0733
1818011,Stalowa Wola,40.0701
1416102,gm.w Wąsewo,40.0661
1809053,gm.m-w. Narol,40.0584
1007082,gm.w Żarnów,40.055
620022,gm.w Grabowiec,40.0522
1816132,gm.w Trzebownisko,40.0433
2813062,gm.w Wieliczki,40.0063
3007062,gm.w Lisków,39.9922
1216042,gm.w Pleśna,39.9916
1816122,gm.w Świlcza,39.9656
2807052,gm.w Lubawa,39.9552
1816033,gm.m-w. Boguchwała,39.9551
3027052,gm.w Malanów,39.9114
1609012,gm.w Chrząstowice,39.9081
1406042,gm.w Goszczyn,39.9048
225063,gm.m-w. Węgliniec,39.9025
601112,gm.w Piszczac,39.8824
612042,gm.w Łaziska,39.8807
611112,gm.w Wola Mysłowska,39.8778
2403031,Wisła,39.8474
616032,gm.w Nowodwór,39.8372
1426072,gm.w Przesmyki,39.8278
1410023,gm.m-w. Łosice,39.8175
2008022,gm.w Jasionówka,39.8008
1804021,Radymno,39.7967
1611063,gm.m-w. Ujazd,39.7759
1012142,gm.w Żytno,39.7441
202041,Piława Górna,39.7392
1609062,gm.w Murów,39.7385
2604023,gm.m-w. Bodzentyn,39.7164
1215042,gm.w Bystra-Sidzina,39.7099
1021022,gm.w Brzeziny,39.689
1816011,Dynów,39.6668
1013042,gm.w Rawa Mazowiecka,39.6111
609122,gm.w Strzyżewice,39.6087
604072,gm.w Uchanie,39.5936
2415072,gm.w Lubomia,39.5926
609042,gm.w Garbów,39.5778
1601022,gm.w Skarbimierz,39.5597
620012,gm.w Adamów,39.5475
3009092,gm.w Olszówka,39.5214
601132,gm.w Rossosz,39.5073
602042,gm.w Biszcza,39.4942
613052,gm.w Podedwórze,39.4852
1415092,gm.w Olszewo-Borki,39.4661
1420092,gm.w Płońsk,39.4386
1216082,gm.w Skrzyszów,39.4318
613022,gm.w Jabłoń,39.4201
1001032,gm.w Drużbice,39.4061
1209052,gm.w Raciechowice,39.3911
1016112,gm.w Żelechlinek,39.3701
2010011,Siemiatycze,39.3385
1412102,gm.w Latowicz,39.3196
2011022,gm.w Janów,39.3053
3009102,gm.w Osiek Mały,39.3043
2205032,gm.w Przodkowo,39.2972
1818053,gm.m-w. Zaklików,39.2845
1426053,gm.m-w. Mordy,39.2757
1001083,gm.m-w. Zelów,39.2511
618022,gm.w Bełżec,39.2424
2003082,gm.w Wyszki,39.2376
1014072,gm.w Klonowa,39.2313
2816033,gm.m-w. Pisz,39.2303
2009022,gm.w Giby,39.2179
3017082,gm.w Sośnie,39.2046
1429053,gm.m-w. Kosów Lacki,39.2034
1429072,gm.w Sabnie,39.1998
1403143,gm.m-w. Żelechów,39.1798
617052,gm.w Trawniki,39.16
1202033,gm.m-w. Czchów,39.1583
605063,gm.m-w. Modliborzyce,39.1524
1609132,gm.w Turawa,39.1265
2012072,gm.w Suwałki,39.126
612023,gm.m-w. Józefów nad Wisłą,39.0968
2811012,gm.w Janowiec Kościelny,39.0855
620112,gm.w Stary Zamość,39.0747
2011093,gm.m-w. Suchowola,39.0687
2809042,gm.w Lubomino,39.0353
1001022,gm.w Bełchatów,39.0353
1411042,gm.w Krasnosielc,39.0259
3201022,gm.w Białogard,39.0163
1204042,gm.w Mędrzechów,39.0129
602092,gm.w Łukowa,39.0122
224042,gm.w Stoszowice,38.9925
2001072,gm.w Sztabin,38.9912
3214092,gm.w Stara Dąbrowa,38.9831
2006011,Kolno,38.9727
2604182,gm.w Strawczyn,38.9639
2604082,gm.w Łopuszno,38.9623
2417142,gm.w Ujsoły,38.9469
202052,gm.w Dzierżoniów,38.9216
1013032,gm.w Cielądz,38.9114
2604062,gm.w Górno,38.8832
2411053,gm.m-w. Kuźnia Raciborska,38.8712
1802062,gm.w Nozdrzec,38.8524
1814053,gm.m-w. Kańczuga,38.836
1430022,gm.w Jastrząb,38.8329
204032,gm.w Niechlów,38.8044
1428032,gm.w Iłów,38.7708
1216133,gm.m-w. Wojnicz,38.7706
1403112,gm.w Sobolew,38.7251
3007053,gm.m-w. Koźminek,38.699
1423052,gm.w Potworów,38.6743
1009052,gm.w Rząśnia,38.6677
1809063,gm.m-w. Oleszyce,38.6436
1415032,gm.w Czerwin,38.6427
610062,gm.w Spiczyn,38.6227
2203052,gm.w Koczała,38.5933
1804062,gm.w Pawłosiów,38.5811
2407052,gm.w Kochanowice,38.5544
1810042,gm.w Łańcut,38.5544
3213062,gm.w Sławno,38.5486
1202072,gm.w Szczurowa,38.5351
1816143,gm.m-w. Tyczyn,38.5294
2810032,gm.w Mrągowo,38.5143
2411082,gm.w Rudnik,38.5049
607032,gm.w Dzierzkowice,38.5027
2605043,gm.m-w. Radoszyce,38.4932
1409022,gm.w Ciepielów,38.4629
201043,gm.m-w. Nowogrodziec,38.4595
608082,gm.w Michów,38.4455
1437052,gm.w Siemiątkowo,38.4413
1422062,gm.w Krzynowłoga Mała,38.4255
1202012,gm.w Borzęcin,38.4057
2001043,gm.m-w. Lipsk,38.3936
608042,gm.w Jeziorzany,38.3909
3017072,gm.w Sieroszewice,38.3747
1603022,gm.w Bierawa,38.3661
618053,gm.m-w. Lubycza Królewska,38.3645
2611042,gm.w Pawłów,38.342
1430012,gm.w Chlewiska,38.3291
2014032,gm.w Rutki,38.3085
1210062,gm.w Korzenna,38.2854
601192,gm.w Zalesie,38.2823
1426102,gm.w Suchożebry,38.2631
2002063,gm.m-w. Łapy,38.2534
618092,gm.w Tarnawatka,38.2497
2813052,gm.w Świętajno,38.2488
602142,gm.w Turobin,38.2363
1410032,gm.w Olszanka,38.2292
618132,gm.w Ulhówek,38.2267
2012022,gm.w Filipów,38.2241
608022,gm.w Abramów,38.2229
620062,gm.w Miączyn,38.2213
602073,gm.m-w. Józefów,38.2046
1403122,gm.w Trojanów,38.1979
1209022,gm.w Lubień,38.1944
1610023,gm.m-w. Głogówek,38.1793
3012052,gm.w Rozdrażew,38.1673
1419112,gm.w Słubice,38.1653
2215082,gm.w Łęczyce,38.1507
1409012,gm.w Chotcza,38.1483
609062,gm.w Jabłonna,38.1152
2606012,gm.w Baćkowice,38.1021
2002103,gm.m-w. Suraż,38.1002
1436042,gm.w Tczów,38.1001
1809032,gm.w Horyniec-Zdrój,38.09
1820013,gm.m-w. Baranów Sandomierski,38.0799
2811022,gm.w Janowo,38.0555
1810072,gm.w Żołynia,38.0276
606052,gm.w Krasnystaw,37.9551
2411072,gm.w Pietrowice Wielkie,37.9501
2606072,gm.w Tarłów,37.9317
1425132,gm.w Zakrzew,37.9095
601072,gm.w Konstantynów,37.9064
1425122,gm.w Wolanów,37.902
1811052,gm.w Mielec,37.8654
1205042,gm.w Gorlice,37.8612
2012062,gm.w Rutka-Tartak,37.8541
614072,gm.w Markuszów,37.8525
603062,gm.w Kamień,37.8424
1813102,gm.w Żurawica,37.7743
3031082,gm.w Złotów,37.7611
1216013,gm.m-w. Ciężkowice,37.7503
1426042,gm.w Mokobody,37.7489
1416043,gm.m-w. Brok,37.7338
620102,gm.w Skierbieszów,37.7114
1611033,gm.m-w. Kolonowskie,37.7111
1425052,gm.w Jedlińsk,37.7077
620052,gm.w Łabunie,37.706
1426062,gm.w Paprotnia,37.7049
1205033,gm.m-w. Bobowa,37.6951
1611073,gm.m-w. Zawadzkie,37.6941
619052,gm.w Urszulin,37.6801
620092,gm.w Sitno,37.6693
1210022,gm.w Chełmiec,37.6601
603142,gm.w Żmudź,37.6241
2011062,gm.w Nowy Dwór,37.6215
601122,gm.w Rokitno,37.6065
2605072,gm.w Smyków,37.6062
225043,gm.m-w. Pieńsk,37.5956
603122,gm.w Wierzbica,37.58
2003042,gm.w Boćki,37.5701
1430042,gm.w Orońsko,37.5441
1819012,gm.w Czudec,37.5308
1216153,gm.m-w. Żabno,37.5305
2201052,gm.w Lipnica,37.524
602053,gm.m-w. Frampol,37.4814
618082,gm.w Susiec,37.4594
1410012,gm.w Huszlew,37.446
1016032,gm.w Budziszewice,37.4364
1611022,gm.w Jemielnica,37.4308
2005082,gm.w Narew,37.4305
1608023,gm.m-w. Gorzów Śląski,37.4226
618042,gm.w Krynice,37.422
607083,gm.m-w. Urzędów,37.4187
1001042,gm.w Kleszczów,37.4104
1425103,gm.m-w. Skaryszew,37.4064
2816013,gm.m-w. Biała Piska,37.3938
1603062,gm.w Reńska Wieś,37.378
620133,gm.m-w. Szczebrzeszyn,37.3545
2002143,gm.m-w. Zabłudów,37.3429
1811022,gm.w Borowa,37.3406
2011032,gm.w Korycin,37.3266
603153,gm.m-w. Rejowiec,37.2836
1820022,gm.w Gorzyce,37.2797
609152,gm.w Wysokie,37.2157
2005032,gm.w Czeremcha,37.2063
1608033,gm.m-w. Olesno,37.1599
1407022,gm.w Głowaczów,37.153
607042,gm.w Gościeradów,37.1453
2012092,gm.w Wiżajny,37.1268
1425072,gm.w Kowala,37.0895
1807083,gm.m-w. Rymanów,37.0599
204022,gm.w Jemielno,37.0408
618072,gm.w Rachanie,37.04
1202062,gm.w Iwkowa,37.0393
1014032,gm.w Brąszewice,37.0354
3007102,gm.w Szczytniki,37.0271
1425042,gm.w Jastrzębia,37.0154
615082,gm.w Wohyń,37.0097
1813082,gm.w Przemyśl,36.9876
1210163,gm.m-w. Stary Sącz,36.9436
610042,gm.w Milejów,36.9365
2010023,gm.m-w. Drohiczyn,36.9346
612012,gm.w Chodel,36.9186
607092,gm.w Wilkołaz,36.8784
1603042,gm.w Pawłowiczki,36.8696
1422023,gm.m-w. Chorzele,36.8238
601032,gm.w Biała Podlaska,36.8175
1425082,gm.w Pionki,36.7801
2213132,gm.w Zblewo,36.7673
1201092,gm.w Żegocina,36.761
1014062,gm.w Goszczanów,36.7595
1410062,gm.w Stara Kornica,36.7547
1804042,gm.w Jarosław,36.7478
1433022,gm.w Grębków,36.7416
618112,gm.w Tomaszów Lubelski,36.734
3013062,gm.w Wijewo,36.7331
1210152,gm.w Rytro,36.7271
1814022,gm.w Adamówka,36.7205
2009032,gm.w Krasnopol,36.7146
620122,gm.w Sułów,36.6962
607072,gm.w Trzydnik Duży,36.6823
2405082,gm.w Wielowieś,36.6775
2207022,gm.w Gardeja,36.6758
2810052,gm.w Sorkwity,36.6518
2003072,gm.w Rudka,36.6288
1210092,gm.w Łącko,36.5583
1804032,gm.w Chłopice,36.5496
606102,gm.w Siennica Różana,36.5469
1434082,gm.w Poświętne,36.5443
1207122,gm.w Tymbark,36.5315
1436012,gm.w Kazanów,36.514
1216053,gm.m-w. Radłów,36.5056
611032,gm.w Adamów,36.4907
1811062,gm.w Padew Narodowa,36.4688
603092,gm.w Ruda-Huta,36.4327
2008013,gm.m-w. Goniądz,36.41
2010052,gm.w Mielnik,36.3795
603113,gm.m-w. Siedliszcze,36.3771
2604112,gm.w Mniów,36.3344
2009052,gm.w Sejny,36.3336
1813062,gm.w Medyka,36.3013
1805092,gm.w Skołyszyn,36.2997
1813032,gm.w Fredropol,36.2878
1816102,gm.w Lubenia,36.2873
1207042,gm.w Jodłownik,36.251
2012052,gm.w Raczki,36.2457
1425092,gm.w Przytyk,36.1866
2817083,gm.m-w. Wielbark,36.1679
1813072,gm.w Orły,36.1659
1605032,gm.w Strzeleczki,36.1259
1001052,gm.w Kluki,36.1249
2001052,gm.w Nowinka,36.0979
1204073,gm.m-w. Szczucin,36.0757
1210052,gm.w Kamionka Wielka,36.0706
605012,gm.w Batorz,36.0397
1425022,gm.w Gózd,36.0309
1210032,gm.w Gródek nad Dunajcem,36.0273
616022,gm.w Kłoczew,36.014
1210042,gm.w Grybów,35.9591
2212042,gm.w Główczyce,35.9572
2805032,gm.w Kalinowo,35.952
607062,gm.w Szastarka,35.9498
605072,gm.w Potok Wielki,35.9132
1216162,gm.w Szerzyny,35.8519
603032,gm.w Chełm,35.8368
1816052,gm.w Dynów,35.7958
1813023,gm.m-w. Dubiecko,35.7588
609022,gm.w Borzechów,35.7427
2013072,gm.w Nowe Piekuty,35.718
1802013,gm.m-w. Brzozów,35.7059
602112,gm.w Potok Górny,35.6982
2215062,gm.w Linia,35.6712
1820043,gm.m-w. Nowa Dęba,35.6568
1415012,gm.w Baranowo,35.6347
1216103,gm.m-w. Tuchów,35.5775
2014052,gm.w Zambrów,35.5533
2012032,gm.w Jeleniewo,35.5513
1805042,gm.w Jasło,35.5334
2008043,gm.m-w. Knyszyn,35.5188
1807062,gm.w Krościenko Wyżne,35.4937
1801083,gm.m-w. Ustrzyki Dolne,35.4867
1207032,gm.w Dobra,35.4488
1814032,gm.w Gać,35.424
1211082,gm.w Łapsze Niżne,35.4142
2007082,gm.w Wizna,35.3776
1816063,gm.m-w. Głogów Małopolski,35.3522
2810042,gm.w Piecki,35.3276
613012,gm.w Dębowa Kłoda,35.3093
1807072,gm.w Miejsce Piastowe,35.3083
2201012,gm.w Borzytuchom,35.3045
2007022,gm.w Łomża,35.303
1810022,gm.w Białobrzegi,35.2914
1821052,gm.w Solina,35.2731
1603032,gm.w Cisek,35.2602
1821033,gm.m-w. Lesko,35.2513
1426122,gm.w Wodynie,35.2122
1813042,gm.w Krasiczyn,35.1895
2005092,gm.w Narewka,35.1841
2207062,gm.w Sadlinki,35.1549
615032,gm.w Czemierniki,35.1465
1807043,gm.m-w. Jedlicze,35.1157
2014042,gm.w Szumowo,35.0914
1809072,gm.w Stary Dzików,35.0728
2403092,gm.w Istebna,35.0378
601172,gm.w Tuczna,34.9899
603042,gm.w Dorohusk,34.9786
2013102,gm.w Wysokie Mazowieckie,34.9497
1814073,gm.m-w. Sieniawa,34.9188
1410042,gm.w Platerów,34.9016
1811073,gm.m-w. Przecław,34.8926
2005052,gm.w Dubicze Cerkiewne,34.8918
607102,gm.w Zakrzówek,34.8844
1818042,gm.w Radomyśl nad Sanem,34.8793
1207092,gm.w Mszana Dolna,34.8223
1426032,gm.w Kotuń,34.8057
1416072,gm.w Ostrów Mazowiecka,34.6972
611082,gm.w Stoczek Łukowski,34.6462
1202042,gm.w Dębno,34.6417
1803042,gm.w Dębica,34.6097
1811042,gm.w Gawłuszowice,34.6069
2004011,Grajewo,34.6032
620082,gm.w Radecznica,34.5625
2805052,gm.w Stare Juchy,34.5415
1816042,gm.w Chmielnik,34.5293
1816023,gm.m-w. Błażowa,34.407
2003052,gm.w Brańsk,34.3874
608053,gm.m-w. Kamionka,34.3553
1813052,gm.w Krzywcza,34.3262
1812053,gm.m-w. Nisko,34.2784
1210102,gm.w Łososina Dolna,34.2678
2002082,gm.w Poświętne,34.2515
2012082,gm.w Szypliszki,34.2173
1810032,gm.w Czarna,34.2043
1205062,gm.w Łużna,34.1787
2407032,gm.w Ciasna,34.1635
1430032,gm.w Mirów,34.1539
2005073,gm.m-w. Kleszczele,34.1362
1817042,gm.w Komańcza,34.1245
1809042,gm.w Lubaczów,34.1078
1426082,gm.w Siedlce,34.1064
1205023,gm.m-w. Biecz,34.0999
2007043,gm.m-w. Nowogród,34.0926
1813012,gm.w Bircza,34.0495
1820032,gm.w Grębów,34.046
2014022,gm.w Kołaki Kościelne,34.0435
1216032,gm.w Lisia Góra,34.0137
1426012,gm.w Domanice,34.0076
1216072,gm.w Rzepiennik Strzyżewski,34.0
1216122,gm.w Wietrzychowice,33.9704
1610013,gm.m-w. Biała,33.9624
1216063,gm.m-w. Ryglice,33.9413
2010042,gm.w Grodzisk,33.9381
2010082,gm.w Perlejewo,33.9325
615052,gm.w Komarówka Podlaska,33.9221
2004053,gm.m-w. Szczuczyn,33.9173
1812012,gm.w Harasiuki,33.8899
1436032,gm.w Przyłęk,33.8869
603102,gm.w Sawin,33.8748
1422042,gm.w Jednorożec,33.8744
1821012,gm.w Baligród,33.873
1808022,gm.w Grodzisko Dolne,33.8564
1608013,gm.m-w. Dobrodzień,33.8195
1207072,gm.w Limanowa,33.8024
602102,gm.w Obsza,33.7921
1810052,gm.w Markowa,33.7654
2004043,gm.m-w. Rajgród,33.7634
1204032,gm.w Gręboszów,33.7455
1204023,gm.m-w. Dąbrowa Tarnowska,33.6716
605022,gm.w Chrzanów,33.6682
2407072,gm.w Pawonków,33.6659
1814062,gm.w Przeworsk,33.6543
1817073,gm.m-w. Zagórz,33.6215
611072,gm.w Stanin,33.5949
1817082,gm.w Zarszyn,33.5498
1216143,gm.m-w. Zakliczyn,33.4796
2010072,gm.w Nurzec-Stacja,33.4599
1605042,gm.w Walce,33.4388
1805053,gm.m-w. Kołaczyce,33.3969
1805112,gm.w Tarnowiec,33.3843
610052,gm.w Puchaczów,33.3801
610012,gm.w Cyców,33.3672
1804052,gm.w Laszki,33.3623
1808032,gm.w Kuryłówka,33.3509
1205072,gm.w Moszczenica,33.3466
3007022,gm.w Brzeziny,33.3218
1803072,gm.w Żyraków,33.2983
1807023,gm.m-w. Dukla,33.2827
1415083,gm.m-w. Myszyniec,33.282
607052,gm.w Kraśnik,33.2736
1211102,gm.w Ochotnica Dolna,33.1765
2805022,gm.w Ełk,33.1318
608132,gm.w Uścimów,33.109
1207052,gm.w Kamienica,33.0585
2005042,gm.w Czyże,33.0566
1210142,gm.w Podegrodzie,33.0222
2006022,gm.w Grabowo,33.0071
2003032,gm.w Bielsk Podlaski,32.9795
1819043,gm.m-w. Strzyżów,32.976
2010032,gm.w Dziadkowice,32.9613
613032,gm.w Milanów,32.9304
1202052,gm.w Gnojnik,32.9177
608103,gm.m-w. Ostrów Lubelski,32.8932
1804112,gm.w Wiązownica,32.8877
1205102,gm.w Uście Gorlickie,32.8779
613062,gm.w Siemień,32.869
2008063,gm.m-w. Mońki,32.8354
615042,gm.w Kąkolewnica,32.7978
2005062,gm.w Hajnówka,32.7744
1813092,gm.w Stubno,32.7725
2013082,gm.w Sokoły,32.7522
608112,gm.w Ostrówek,32.6832
615022,gm.w Borki,32.6455
2006042,gm.w Mały Płock,32.63
1811032,gm.w Czermin,32.6029
1807102,gm.w Jaśliska,32.5806
2012012,gm.w Bakałarzewo,32.5785
1818062,gm.w Zaleszany,32.5653
1811083,gm.m-w. Radomyśl Wielki,32.5603
603082,gm.w Rejowiec Fabryczny,32.5416
1807033,gm.m-w. Iwonicz-Zdrój,32.5114
2817052,gm.w Rozogi,32.4723
601042,gm.w Drelów,32.4227
1807012,gm.w Chorkówka,32.3842
1804102,gm.w Roźwienica,32.3576
1811102,gm.w Wadowice Górne,32.3469
2008032,gm.w Jaświły,32.3058
1802042,gm.w Haczów,32.302
1426092,gm.w Skórzec,32.2593
1415022,gm.w Czarnia,32.2411
2002123,gm.m-w. Tykocin,32.2361
1807092,gm.w Wojaszówka,32.2329
1815043,gm.m-w. Sędziszów Małopolski,32.2313
2003062,gm.w Orla,32.2214
2001032,gm.w Bargłów Kościelny,32.1357
611092,gm.w Trzebieszów,32.1311
608032,gm.w Firlej,32.1062
1803032,gm.w Czarna,32.1021
1807052,gm.w Korczyna,32.0739
1803052,gm.w Jodłowa,32.0527
1811092,gm.w Tuszów Narodowy,32.0451
1205052,gm.w Lipinki,32.0147
2205042,gm.w Sierakowice,31.9238
2007013,gm.m-w. Jedwabne,31.9068
611042,gm.w Krzywda,31.8671
605032,gm.w Dzwola,31.7806
1814092,gm.w Zarzecze,31.7432
1819052,gm.w Wiśniowa,31.7101
602032,gm.w Biłgoraj,31.6494
1804092,gm.w Rokietnica,31.6253
1805032,gm.w Dębowiec,31.5694
1817052,gm.w Sanok,31.4581
2010062,gm.w Milejczyce,31.4336
608092,gm.w Niedźwiada,31.4221
2008072,gm.w Trzcianne,31.3618
1817022,gm.w Besko,31.321
2007092,gm.w Zbójna,31.3025
615072,gm.w Ulan-Majorat,31.2982
1821042,gm.w Olszanica,31.2372
2007072,gm.w Śniadowo,31.1932
1210133,gm.m-w. Piwniczna-Zdrój,31.1502
2012042,gm.w Przerośl,31.0974
602063,gm.m-w. Goraj,31.0814
2008052,gm.w Krypno,31.0606
1210082,gm.w Łabowa,31.0384
615062,gm.w Radzyń Podlaski,30.9986
2007052,gm.w Piątnica,30.9676
1608072,gm.w Zębowice,30.9504
1815022,gm.w Ostrów,30.8876
602022,gm.w Aleksandrów,30.8351
1801032,gm.w Czarna,30.8242
1808053,gm.m-w. Nowa Sarzyna,30.8111
1809082,gm.w Wielkie Oczy,30.7652
1211092,gm.w Nowy Targ,30.724
1415062,gm.w Lelis,30.6851
1210122,gm.w Nawojowa,30.6668
1211112,gm.w Raba Wyżna,30.6647
1216022,gm.w Gromnik,30.6635
602082,gm.w Księżpol,30.6543
608063,gm.m-w. Kock,30.5815
2001022,gm.w Augustów,30.5696
1819032,gm.w Niebylec,30.559
1812063,gm.m-w. Rudnik nad Sanem,30.5081
2004062,gm.w Wąsosz,30.4837
608072,gm.w Lubartów,30.4685
605042,gm.w Godziszów,30.4575
1207082,gm.w Łukowica,30.4352
1204052,gm.w Olesno,30.2977
1604032,gm.w Lasowice Wielkie,30.2955
1217042,gm.w Kościelisko,30.2808
1204012,gm.w Bolesław,30.2784
1806023,gm.m-w. Kolbuszowa,30.2784
1804082,gm.w Radymno,30.2615
2013062,gm.w Kulesze Kościelne,30.2584
1812073,gm.m-w. Ulanów,30.2289
2007032,gm.w Miastkowo,30.1471
1816072,gm.w Hyżne,30.145
1415052,gm.w Kadzidło,30.1318
1416082,gm.w Stary Lubotyń,30.0081
1812042,gm.w Krzeszów,29.9669
1207112,gm.w Słopnice,29.9193
601102,gm.w Międzyrzec Podlaski,29.8101
1211132,gm.w Spytkowice,29.8098
1803063,gm.m-w. Pilzno,29.7483
1207062,gm.w Laskowa,29.7254
2002152,gm.w Zawady,29.7096
1815012,gm.w Iwierzyce,29.6445
2805042,gm.w Prostki,29.6327
2007062,gm.w Przytuły,29.4803
1808042,gm.w Leżajsk,29.3938
611062,gm.w Serokomla,29.3817
2006032,gm.w Kolno,29.3716
2006053,gm.m-w. Stawiski,29.3623
1207102,gm.w Niedźwiedź,29.3265
1426132,gm.w Zbuczyn,29.3146
610022,gm.w Ludwin,29.1777
1804073,gm.m-w. Pruchnik,29.1485
1810062,gm.w Rakszawa,29.1469
1815033,gm.m-w. Ropczyce,29.125
1608052,gm.w Radłów,29.0939
1814082,gm.w Tryńcza,28.8538
1805072,gm.w Nowy Żmigród,28.6466
1217032,gm.w Bukowina Tatrzańska,28.6065
1204062,gm.w Radgoszcz,28.3644
611102,gm.w Wojcieszków,28.2513
602132,gm.w Tereszpol,28.1992
1805062,gm.w Krempna,28.0844
1802052,gm.w Jasienica Rosielna,28.0148
1817062,gm.w Tyrawa Wołoska,27.9352
2010092,gm.w Siemiatycze,27.8958
611052,gm.w Łuków,27.8904
1812022,gm.w Jarocin,27.7757
1415072,gm.w Łyse,27.7698
1426112,gm.w Wiśniew,27.7624
1819022,gm.w Frysztak,27.5392
1805022,gm.w Brzyska,27.4874
2013052,gm.w Kobylin-Borzymy,27.3825
1818032,gm.w Pysznica,27.3666
1803023,gm.m-w. Brzostek,27.2713
1205082,gm.w Ropa,27.2038
1816113,gm.m-w. Sokołów Małopolski,27.0153
1802032,gm.w Dydnia,26.9718
1217052,gm.w Poronin,26.9569
1211052,gm.w Jabłonka,26.7614
1817032,gm.w Bukowsko,26.6337
2004032,gm.w Radziłów,26.5174
1806042,gm.w Niwiska,26.4919
1806052,gm.w Raniżów,26.4609
1815052,gm.w Wielopole Skrzyńskie,26.427
1806032,gm.w Majdan Królewski,26.3072
1802022,gm.w Domaradz,26.2097
608122,gm.w Serniki,25.8379
1211072,gm.w Lipnica Wielka,25.682
2006062,gm.w Turośl,25.2885
1805082,gm.w Osiek Jasielski,24.9393
2004022,gm.w Grajewo,24.7574
1816082,gm.w Kamień,23.5105
1211142,gm.w Szaflary,23.3378
1806062,gm.w Dzikowiec,23.1327
1806012,gm.w Cmolas,23.0951
1818022,gm.w Bojanów,23.0416
1812032,gm.w Jeżowe,22.8317
1217022,gm.w Biały Dunajec,22.6207
1211032,gm.w Czarny Dunajec,21.2155
